mean_fit_time,std_fit_time,mean_score_time,std_score_time,param_eta,param_gamma,param_max_depth,param_min_child_weight,param_n_estimators,param_sketch_eps,param_tree_method,params,split0_test_score,split1_test_score,split2_test_score,split3_test_score,split4_test_score,mean_test_score,std_test_score,rank_test_score
0.37603230476379396,0.021995294301165993,0.004560947418212891,0.0023709323677507583,0.25,0,2,0,200,0.03,approx,"{'eta': 0.25, 'gamma': 0, 'max_depth': 2, 'min_child_weight': 0, 'n_estimators': 200, 'sketch_eps': 0.03, 'tree_method': 'approx'}",-20574.548640839042,-21651.634899400684,-20300.80123608733,-19583.434423159248,-18068.70146618151,-20035.82413313356,1187.0559741818608,1
0.42110428810119627,0.02160492623809496,0.007255268096923828,0.00237150053142449,0.25,0,2,0,210,0.03,approx,"{'eta': 0.25, 'gamma': 0, 'max_depth': 2, 'min_child_weight': 0, 'n_estimators': 210, 'sketch_eps': 0.03, 'tree_method': 'approx'}",-20541.510889340752,-21697.257183754282,-20381.299497003423,-19537.013698630137,-18062.876083583047,-20043.99147046233,1206.3527206367714,6
0.4675110340118408,0.039006852918185835,0.006154155731201172,0.0015363033435607844,0.25,0,2,0,220,0.03,approx,"{'eta': 0.25, 'gamma': 0, 'max_depth': 2, 'min_child_weight': 0, 'n_estimators': 220, 'sketch_eps': 0.03, 'tree_method': 'approx'}",-20587.19131260702,-21822.48341181507,-20386.62936108733,-19539.689506635274,-18043.888397634844,-20075.976397955907,1251.0090305648898,11
0.41833906173706054,0.013701709460173815,0.005860567092895508,0.0013092655231249546,0.25,0,2,0,230,0.03,approx,"{'eta': 0.25, 'gamma': 0, 'max_depth': 2, 'min_child_weight': 0, 'n_estimators': 230, 'sketch_eps': 0.03, 'tree_method': 'approx'}",-20655.308901434077,-21723.533764982876,-20369.485164276542,-19432.372792701197,-18068.409848565923,-20049.822094392122,1231.044080127931,8
0.45551557540893556,0.009866056770155392,0.004034185409545898,0.0028516370341111342,0.25,0,2,0,240,0.03,approx,"{'eta': 0.25, 'gamma': 0, 'max_depth': 2, 'min_child_weight': 0, 'n_estimators': 240, 'sketch_eps': 0.03, 'tree_method': 'approx'}",-20670.915988869863,-21718.41806239298,-20368.66902557791,-19467.142002889555,-17979.649360552226,-20040.958888056506,1256.6918437347867,3
0.4758265972137451,0.011938539047796235,0.007564830780029297,0.004379008534728367,0.25,0,2,0,250,0.03,approx,"{'eta': 0.25, 'gamma': 0, 'max_depth': 2, 'min_child_weight': 0, 'n_estimators': 250, 'sketch_eps': 0.03, 'tree_method': 'approx'}",-20702.310760916094,-21695.821155286816,-20445.954529644692,-19449.97628157106,-17922.628250749145,-20043.338195633558,1278.7911258327972,5
0.5817127227783203,0.029352148887610674,0.005059337615966797,0.00031591743227319476,0.25,0,2,0,260,0.03,approx,"{'eta': 0.25, 'gamma': 0, 'max_depth': 2, 'min_child_weight': 0, 'n_estimators': 260, 'sketch_eps': 0.03, 'tree_method': 'approx'}",-20752.595636237158,-21696.772126498287,-20430.01917005565,-19440.592666416953,-17883.42940657106,-20040.68180115582,1297.296028257876,2
0.5777175903320313,0.010510298926351736,0.00433807373046875,0.002738183858860718,0.25,0,2,0,270,0.03,approx,"{'eta': 0.25, 'gamma': 0, 'max_depth': 2, 'min_child_weight': 0, 'n_estimators': 270, 'sketch_eps': 0.03, 'tree_method': 'approx'}",-20751.10094713185,-21675.416845034248,-20456.53862104024,-19436.491679152397,-17929.743016909248,-20049.858221853596,1278.333144542274,9
0.63516845703125,0.033607337868807256,0.004456090927124024,0.0022490609163531555,0.25,0,2,0,280,0.03,approx,"{'eta': 0.25, 'gamma': 0, 'max_depth': 2, 'min_child_weight': 0, 'n_estimators': 280, 'sketch_eps': 0.03, 'tree_method': 'approx'}",-20764.20099796661,-21561.30760380993,-20518.900270226884,-19414.527771832192,-17955.775725064213,-20042.942473779967,1249.267979688122,4
0.6509021282196045,0.042071877161452664,0.004945230484008789,0.0014542105745384741,0.25,0,2,0,290,0.03,approx,"{'eta': 0.25, 'gamma': 0, 'max_depth': 2, 'min_child_weight': 0, 'n_estimators': 290, 'sketch_eps': 0.03, 'tree_method': 'approx'}",-20791.207459332192,-21570.122658925513,-20502.337502675513,-19456.259377675513,-17909.855281464042,-20045.956456014555,1264.7083619483967,7
0.602131700515747,0.028370664595679176,0.003927803039550782,0.0037678622985718997,0.25,0,2,0,300,0.03,approx,"{'eta': 0.25, 'gamma': 0, 'max_depth': 2, 'min_child_weight': 0, 'n_estimators': 300, 'sketch_eps': 0.03, 'tree_method': 'approx'}",-20831.90234375,-21559.119180757705,-20550.48107074058,-19384.387588291953,-17976.96611461901,-20060.571259631848,1255.328155819727,10
0.5909811019897461,0.02100953322687375,0.006248188018798828,0.007157509600001661,0.25,0,2,0,310,0.03,approx,"{'eta': 0.25, 'gamma': 0, 'max_depth': 2, 'min_child_weight': 0, 'n_estimators': 310, 'sketch_eps': 0.03, 'tree_method': 'approx'}",-20827.913554152397,-21615.616317958047,-20600.049604023974,-19393.939132063355,-18030.575583261987,-20093.618838291954,1253.6216607703625,12
0.582888126373291,0.02761180838099262,0.00783834457397461,0.002054099015060965,0.25,0,2,0,320,0.03,approx,"{'eta': 0.25, 'gamma': 0, 'max_depth': 2, 'min_child_weight': 0, 'n_estimators': 320, 'sketch_eps': 0.03, 'tree_method': 'approx'}",-20943.486742829624,-21601.19780072774,-20657.496227525684,-19394.705211900684,-18024.79227311644,-20124.335651220033,1270.97077025243,13
0.6715373039245606,0.054931233329347455,0.004940319061279297,0.004647394982440862,0.25,0,2,0,330,0.03,approx,"{'eta': 0.25, 'gamma': 0, 'max_depth': 2, 'min_child_weight': 0, 'n_estimators': 330, 'sketch_eps': 0.03, 'tree_method': 'approx'}",-20993.656504173803,-21659.875387949487,-20656.41505244007,-19413.79757063356,-18018.026929045376,-20148.35428884846,1291.141033347095,14
0.6508383750915527,0.014099876075379306,0.005233907699584961,0.004336853807434306,0.25,0,2,0,340,0.03,approx,"{'eta': 0.25, 'gamma': 0, 'max_depth': 2, 'min_child_weight': 0, 'n_estimators': 340, 'sketch_eps': 0.03, 'tree_method': 'approx'}",-21043.348525791953,-21650.050647474316,-20712.992374785958,-19433.266909246577,-18038.876886237158,-20175.707068707194,1290.9242274840917,15
0.6413896083831787,0.019421053568988086,0.006039619445800781,0.004931351411814013,0.25,0,2,0,350,0.03,approx,"{'eta': 0.25, 'gamma': 0, 'max_depth': 2, 'min_child_weight': 0, 'n_estimators': 350, 'sketch_eps': 0.03, 'tree_method': 'approx'}",-21096.476789918663,-21607.060734160958,-20743.69764019692,-19422.846091074487,-18061.16572131849,-20186.249395333907,1285.0472787110969,16
0.6528637886047364,0.02429335124508297,0.0020210742950439453,0.0031314042272411386,0.25,0,2,0,360,0.03,approx,"{'eta': 0.25, 'gamma': 0, 'max_depth': 2, 'min_child_weight': 0, 'n_estimators': 360, 'sketch_eps': 0.03, 'tree_method': 'approx'}",-21106.760354238013,-21586.910035851884,-20780.61506046661,-19415.544854987158,-18076.01811322774,-20193.16968375428,1281.3495463595293,17
0.6528995037078857,0.023932867760143504,0.005247354507446289,0.0043508452120277,0.25,0,2,0,370,0.03,approx,"{'eta': 0.25, 'gamma': 0, 'max_depth': 2, 'min_child_weight': 0, 'n_estimators': 370, 'sketch_eps': 0.03, 'tree_method': 'approx'}",-21114.540614297945,-21640.52149775257,-20791.56002514983,-19425.60981645976,-18109.95336579623,-20216.437063891266,1282.8136410411446,19
0.6956900119781494,0.026818237434717843,0.006934165954589844,0.0040107231757728744,0.25,0,2,0,380,0.03,approx,"{'eta': 0.25, 'gamma': 0, 'max_depth': 2, 'min_child_weight': 0, 'n_estimators': 380, 'sketch_eps': 0.03, 'tree_method': 'approx'}",-21127.22709760274,-21623.288674550513,-20793.975264875855,-19439.22729826627,-18072.368498501713,-20211.217366759418,1291.7638422097837,18
0.6912291526794434,0.026180828118578338,0.007234048843383789,0.00372639947446317,0.25,0,2,0,390,0.03,approx,"{'eta': 0.25, 'gamma': 0, 'max_depth': 2, 'min_child_weight': 0, 'n_estimators': 390, 'sketch_eps': 0.03, 'tree_method': 'approx'}",-21159.778373822774,-21670.405219927226,-20842.175660851884,-19458.89034407106,-18124.537684610445,-20251.157456656678,1291.4609970799013,20
0.681460189819336,0.013460980868392267,0.00564117431640625,0.0038933323888745122,0.25,0,2,0,400,0.03,approx,"{'eta': 0.25, 'gamma': 0, 'max_depth': 2, 'min_child_weight': 0, 'n_estimators': 400, 'sketch_eps': 0.03, 'tree_method': 'approx'}",-21226.00026755137,-21631.355080800513,-20867.30033979024,-19431.254494863013,-18136.378357769692,-20258.457708154965,1294.5393833768887,21
0.4257627010345459,0.014220155915639007,0.006449985504150391,0.0035449321587361837,0.25,0,3,0,200,0.03,approx,"{'eta': 0.25, 'gamma': 0, 'max_depth': 3, 'min_child_weight': 0, 'n_estimators': 200, 'sketch_eps': 0.03, 'tree_method': 'approx'}",-21592.194108518837,-20763.739471853594,-21176.74585295377,-19647.048854880137,-18415.998381314213,-20319.14533390411,1151.3016790216177,23
0.44124884605407716,0.01371142891371241,0.005235719680786133,0.0036245546779258525,0.25,0,3,0,210,0.03,approx,"{'eta': 0.25, 'gamma': 0, 'max_depth': 3, 'min_child_weight': 0, 'n_estimators': 210, 'sketch_eps': 0.03, 'tree_method': 'approx'}",-21545.855789811645,-20749.610926797945,-21287.74270922517,-19573.924416738013,-18340.35794360017,-20299.49835723459,1191.4129240295867,22
0.4677883148193359,0.024240003634682077,0.006139326095581055,0.002878960191883928,0.25,0,3,0,220,0.03,approx,"{'eta': 0.25, 'gamma': 0, 'max_depth': 3, 'min_child_weight': 0, 'n_estimators': 220, 'sketch_eps': 0.03, 'tree_method': 'approx'}",-21531.57811162243,-20861.186055222603,-21338.571355950342,-19808.957593107876,-18346.628852739726,-20377.384393728596,1177.8951275352088,24
0.4852125644683838,0.00556173990262939,0.0038295269012451174,0.0032714126032980383,0.25,0,3,0,230,0.03,approx,"{'eta': 0.25, 'gamma': 0, 'max_depth': 3, 'min_child_weight': 0, 'n_estimators': 230, 'sketch_eps': 0.03, 'tree_method': 'approx'}",-21540.014862478594,-20909.342719927226,-21392.638029751713,-19757.017323951197,-18368.35157587757,-20393.472902397258,1190.3951593522866,25
0.5268587589263916,0.011222382313467947,0.006735801696777344,0.002777461438397076,0.25,0,3,0,240,0.03,approx,"{'eta': 0.25, 'gamma': 0, 'max_depth': 3, 'min_child_weight': 0, 'n_estimators': 240, 'sketch_eps': 0.03, 'tree_method': 'approx'}",-21659.458195098458,-20883.601709653252,-21444.682590432363,-19840.25745130565,-18412.129106913526,-20448.02581068065,1197.0695292650532,26
0.5398970603942871,0.018970863718227742,0.0037258625030517577,0.0029015407099606486,0.25,0,3,0,250,0.03,approx,"{'eta': 0.25, 'gamma': 0, 'max_depth': 3, 'min_child_weight': 0, 'n_estimators': 250, 'sketch_eps': 0.03, 'tree_method': 'approx'}",-21772.841837007705,-20883.111809717466,-21579.096465646406,-19903.35389019692,-18398.864030393837,-20507.45360659247,1241.1149297959887,27
0.628410005569458,0.05113446036768241,0.005630302429199219,0.006896150250043433,0.25,0,3,0,260,0.03,approx,"{'eta': 0.25, 'gamma': 0, 'max_depth': 3, 'min_child_weight': 0, 'n_estimators': 260, 'sketch_eps': 0.03, 'tree_method': 'approx'}",-21855.705854023974,-20946.521297089042,-21620.61356217894,-20008.90384203767,-18382.58122859589,-20562.8651567851,1264.7507214704488,28
0.5798132419586182,0.024477909701953,0.005353784561157227,0.002622720046526718,0.25,0,3,0,270,0.03,approx,"{'eta': 0.25, 'gamma': 0, 'max_depth': 3, 'min_child_weight': 0, 'n_estimators': 270, 'sketch_eps': 0.03, 'tree_method': 'approx'}",-21917.76784567637,-21049.62455854024,-21581.578098244863,-19979.171808112158,-18399.191379494863,-20585.4667380137,1275.1548965602328,29
0.6080509662628174,0.019491363426422312,0.004437780380249024,0.004668875494581926,0.25,0,3,0,280,0.03,approx,"{'eta': 0.25, 'gamma': 0, 'max_depth': 3, 'min_child_weight': 0, 'n_estimators': 280, 'sketch_eps': 0.03, 'tree_method': 'approx'}",-21891.93420911815,-21087.89176209332,-21575.99050192637,-20035.636906035958,-18402.831897474316,-20598.857055329623,1265.3645066170568,30
0.6185397624969482,0.01023540685982016,0.006443929672241211,0.00448507678950824,0.25,0,3,0,290,0.03,approx,"{'eta': 0.25, 'gamma': 0, 'max_depth': 3, 'min_child_weight': 0, 'n_estimators': 290, 'sketch_eps': 0.03, 'tree_method': 'approx'}",-21894.11694670377,-21095.501926369863,-21627.77270173373,-20146.58692744007,-18416.33549604024,-20636.06279965753,1260.4799887215624,31
0.6450247764587402,0.01541429976225128,0.003816986083984375,0.004322216194637457,0.25,0,3,0,300,0.03,approx,"{'eta': 0.25, 'gamma': 0, 'max_depth': 3, 'min_child_weight': 0, 'n_estimators': 300, 'sketch_eps': 0.03, 'tree_method': 'approx'}",-21994.29169788099,-21131.45304473459,-21648.853916952055,-20152.015972816782,-18423.161988976884,-20669.955324272258,1283.8559805927903,32
0.6632230758666993,0.021404530725599686,0.005739259719848633,0.003555266627417106,0.25,0,3,0,310,0.03,approx,"{'eta': 0.25, 'gamma': 0, 'max_depth': 3, 'min_child_weight': 0, 'n_estimators': 310, 'sketch_eps': 0.03, 'tree_method': 'approx'}",-21966.728943707192,-21191.975278253423,-21772.851161172945,-20165.970234910103,-18431.12986943493,-20705.731097495718,1298.4950317385126,33
0.7074890613555909,0.022837226835942668,0.005426597595214844,0.004094863130535016,0.25,0,3,0,320,0.03,approx,"{'eta': 0.25, 'gamma': 0, 'max_depth': 3, 'min_child_weight': 0, 'n_estimators': 320, 'sketch_eps': 0.03, 'tree_method': 'approx'}",-22015.24677600599,-21168.48108411815,-21903.178590539384,-20304.725331763697,-18484.88271885702,-20775.30290025685,1298.5854863916454,34
0.7116293430328369,0.020207062175704015,0.007243108749389648,0.0037357593950007313,0.25,0,3,0,330,0.03,approx,"{'eta': 0.25, 'gamma': 0, 'max_depth': 3, 'min_child_weight': 0, 'n_estimators': 330, 'sketch_eps': 0.03, 'tree_method': 'approx'}",-22041.049951840752,-21148.002060145547,-21908.849395333906,-20380.450529751713,-18504.244903146406,-20796.519368043664,1291.3024469180443,35
0.7165417671203613,0.010108318592681754,0.003430032730102539,0.0038055427665220206,0.25,0,3,0,340,0.03,approx,"{'eta': 0.25, 'gamma': 0, 'max_depth': 3, 'min_child_weight': 0, 'n_estimators': 340, 'sketch_eps': 0.03, 'tree_method': 'approx'}",-22026.369287778252,-21179.908055971748,-21922.473592679795,-20417.81827910959,-18501.007932898116,-20809.5154296875,1291.4513852740195,36
0.7399765014648437,0.017098218516549538,0.007644081115722656,0.002950324028118699,0.25,0,3,0,350,0.03,approx,"{'eta': 0.25, 'gamma': 0, 'max_depth': 3, 'min_child_weight': 0, 'n_estimators': 350, 'sketch_eps': 0.03, 'tree_method': 'approx'}",-22037.79572452911,-21177.120665667808,-22012.66767444349,-20454.742602204624,-18557.063048480308,-20847.87794306507,1287.1230316361089,38
0.7730222225189209,0.01693155740244985,0.002929067611694336,0.0021239017465500133,0.25,0,3,0,360,0.03,approx,"{'eta': 0.25, 'gamma': 0, 'max_depth': 3, 'min_child_weight': 0, 'n_estimators': 360, 'sketch_eps': 0.03, 'tree_method': 'approx'}",-22001.616317958047,-21219.435038527397,-22009.753839362158,-20520.26908979024,-18616.602940389555,-20873.53544520548,1257.1194591218045,40
0.799090051651001,0.027374463719397023,0.0056380748748779295,0.003207775673636095,0.25,0,3,0,370,0.03,approx,"{'eta': 0.25, 'gamma': 0, 'max_depth': 3, 'min_child_weight': 0, 'n_estimators': 370, 'sketch_eps': 0.03, 'tree_method': 'approx'}",-22048.270119863013,-21254.398464255137,-22077.854023972603,-20587.91158764983,-18624.343495826197,-20918.555538313354,1273.2441088437333,43
0.8153787612915039,0.010461093088627228,0.009160089492797851,0.0011268003618388064,0.25,0,3,0,380,0.03,approx,"{'eta': 0.25, 'gamma': 0, 'max_depth': 3, 'min_child_weight': 0, 'n_estimators': 380, 'sketch_eps': 0.03, 'tree_method': 'approx'}",-22050.278975813355,-21316.20321864298,-22120.848565924658,-20597.127300941782,-18675.68794145976,-20952.029200556506,1265.9067010942688,44
0.8481417655944824,0.016894755138059693,0.0030241966247558593,0.0019375993479653017,0.25,0,3,0,390,0.03,approx,"{'eta': 0.25, 'gamma': 0, 'max_depth': 3, 'min_child_weight': 0, 'n_estimators': 390, 'sketch_eps': 0.03, 'tree_method': 'approx'}",-22057.83324860873,-21386.624866224316,-22105.905326947774,-20604.63131421233,-18703.96822827483,-20971.792596853593,1258.222283042874,48
0.843513298034668,0.01717143853213958,0.004839563369750976,0.00409692026221457,0.25,0,3,0,400,0.03,approx,"{'eta': 0.25, 'gamma': 0, 'max_depth': 3, 'min_child_weight': 0, 'n_estimators': 400, 'sketch_eps': 0.03, 'tree_method': 'approx'}",-22046.13868525257,-21470.69905821918,-22100.36106057363,-20631.49653520976,-18760.166269798803,-21001.77232181079,1239.305648555152,50
0.5486510276794434,0.011829204536937104,0.0063441753387451175,0.0026834868273776917,0.25,0,4,0,200,0.03,approx,"{'eta': 0.25, 'gamma': 0, 'max_depth': 4, 'min_child_weight': 0, 'n_estimators': 200, 'sketch_eps': 0.03, 'tree_method': 'approx'}",-22383.49129120291,-20713.550915025684,-21125.026153146406,-20998.498528467466,-18881.762668557363,-20820.465911279964,1125.8332000575242,37
0.577852439880371,0.025519662537344875,0.007258081436157226,0.0040626735043099195,0.25,0,4,0,210,0.03,approx,"{'eta': 0.25, 'gamma': 0, 'max_depth': 4, 'min_child_weight': 0, 'n_estimators': 210, 'sketch_eps': 0.03, 'tree_method': 'approx'}",-22484.762186964897,-20734.126043450342,-21179.880029965752,-21053.688329409248,-18882.61008401113,-20867.013334760275,1158.046610908286,39
0.6080884456634521,0.023129230032599556,0.0024252414703369142,0.0021939721130982805,0.25,0,4,0,220,0.03,approx,"{'eta': 0.25, 'gamma': 0, 'max_depth': 4, 'min_child_weight': 0, 'n_estimators': 220, 'sketch_eps': 0.03, 'tree_method': 'approx'}",-22537.86312071918,-20814.69507170377,-21190.60885327483,-21098.600733090752,-18875.338974208047,-20903.421350599314,1175.8368960830235,41
0.6339711666107177,0.013678123279207723,0.008739376068115234,0.0016770717230971711,0.25,0,4,0,230,0.03,approx,"{'eta': 0.25, 'gamma': 0, 'max_depth': 4, 'min_child_weight': 0, 'n_estimators': 230, 'sketch_eps': 0.03, 'tree_method': 'approx'}",-22545.332673373287,-20949.884203767124,-21283.08397099743,-21118.968000856163,-18902.819656999145,-20960.01770119863,1172.6062471496937,46
0.672401237487793,0.008913070101670341,0.005646610260009765,0.003221295557982933,0.25,0,4,0,240,0.03,approx,"{'eta': 0.25, 'gamma': 0, 'max_depth': 4, 'min_child_weight': 0, 'n_estimators': 240, 'sketch_eps': 0.03, 'tree_method': 'approx'}",-22627.49751177226,-20881.895935894692,-21293.417741331337,-21124.10245879709,-18928.77523009418,-20971.137775577914,1187.4341261281843,47
0.6890813827514648,0.017018801842066868,0.008151531219482422,0.0034912669772695195,0.25,0,4,0,250,0.03,approx,"{'eta': 0.25, 'gamma': 0, 'max_depth': 4, 'min_child_weight': 0, 'n_estimators': 250, 'sketch_eps': 0.03, 'tree_method': 'approx'}",-22736.65654430651,-20869.81728916952,-21278.940777504282,-21181.390584867295,-18916.668891802226,-20996.69481752997,1223.4253453271067,49
0.7362130165100098,0.020439425064663185,0.005439281463623047,0.0030753416537207434,0.25,0,4,0,260,0.03,approx,"{'eta': 0.25, 'gamma': 0, 'max_depth': 4, 'min_child_weight': 0, 'n_estimators': 260, 'sketch_eps': 0.03, 'tree_method': 'approx'}",-22770.71741224315,-20940.603488869863,-21315.804633989726,-21219.460750214042,-18974.866853060787,-21044.290627675513,1214.7608531412156,53
0.7623596668243409,0.02009773086300036,0.0027224540710449217,0.0034263051811137197,0.25,0,4,0,270,0.03,approx,"{'eta': 0.25, 'gamma': 0, 'max_depth': 4, 'min_child_weight': 0, 'n_estimators': 270, 'sketch_eps': 0.03, 'tree_method': 'approx'}",-22865.612451840752,-21002.387548159248,-21338.98706389127,-21229.918075770547,-19007.145360659248,-21088.810100064213,1231.285792663589,55
0.766151237487793,0.010819755975842074,0.0056244850158691405,0.003891380297032892,0.25,0,4,0,280,0.03,approx,"{'eta': 0.25, 'gamma': 0, 'max_depth': 4, 'min_child_weight': 0, 'n_estimators': 280, 'sketch_eps': 0.03, 'tree_method': 'approx'}",-22919.58585723459,-21014.300634096748,-21451.781718214897,-21236.27164490582,-19057.52983197774,-21135.893937285957,1234.9736778758777,57
0.8050777912139893,0.01777149547593112,0.007953691482543945,0.002001046412297499,0.25,0,4,0,290,0.03,approx,"{'eta': 0.25, 'gamma': 0, 'max_depth': 4, 'min_child_weight': 0, 'n_estimators': 290, 'sketch_eps': 0.03, 'tree_method': 'approx'}",-22894.73401380565,-21027.195125214042,-21513.17269103168,-21303.999331121577,-19101.43740635702,-21168.107713505993,1217.3542842845566,59
0.8377684116363525,0.016508220203476396,0.0039311408996582035,0.00342895330693401,0.25,0,4,0,300,0.03,approx,"{'eta': 0.25, 'gamma': 0, 'max_depth': 4, 'min_child_weight': 0, 'n_estimators': 300, 'sketch_eps': 0.03, 'tree_method': 'approx'}",-22914.61966235017,-21097.90029698202,-21551.95667005565,-21332.241077161816,-19115.088439105308,-21202.36122913099,1219.7159075536442,61
0.867396879196167,0.01680988544043087,0.0030301570892333984,0.0026723170303844233,0.25,0,4,0,310,0.03,approx,"{'eta': 0.25, 'gamma': 0, 'max_depth': 4, 'min_child_weight': 0, 'n_estimators': 310, 'sketch_eps': 0.03, 'tree_method': 'approx'}",-22977.09817797517,-21141.78488869863,-21618.31864030394,-21316.47612104024,-19126.756608518837,-21236.08688730736,1236.2727003446662,67
0.8799874305725097,0.012474947626212717,0.0060463428497314455,0.003975739684581086,0.25,0,4,0,320,0.03,approx,"{'eta': 0.25, 'gamma': 0, 'max_depth': 4, 'min_child_weight': 0, 'n_estimators': 320, 'sketch_eps': 0.03, 'tree_method': 'approx'}",-23012.66629655394,-21179.646176690923,-21642.469311857876,-21362.419881742295,-19178.105161065923,-21275.06136558219,1230.302433339053,74
0.9096660614013672,0.012260756613815425,0.002013874053955078,0.004027748107910156,0.25,0,4,0,330,0.03,approx,"{'eta': 0.25, 'gamma': 0, 'max_depth': 4, 'min_child_weight': 0, 'n_estimators': 330, 'sketch_eps': 0.03, 'tree_method': 'approx'}",-23060.428577161816,-21200.386304045376,-21673.980254708906,-21394.37002354452,-19182.531464041094,-21302.339324700344,1244.3025544088007,81
0.9312839984893799,0.010997180866587554,0.00895829200744629,0.003604592692097581,0.25,0,4,0,340,0.03,approx,"{'eta': 0.25, 'gamma': 0, 'max_depth': 4, 'min_child_weight': 0, 'n_estimators': 340, 'sketch_eps': 0.03, 'tree_method': 'approx'}",-23085.169145976026,-21296.230656035958,-21731.07518193493,-21415.798105736303,-19184.295831549658,-21342.513784246577,1253.2553706738604,93
1.1133803844451904,0.13718207633025464,0.009260129928588868,0.0010002223500199126,0.25,0,4,0,350,0.03,approx,"{'eta': 0.25, 'gamma': 0, 'max_depth': 4, 'min_child_weight': 0, 'n_estimators': 350, 'sketch_eps': 0.03, 'tree_method': 'approx'}",-23060.20434235873,-21303.83565657106,-21775.50113709332,-21456.604518942637,-19213.776032748287,-21361.984337542806,1239.5225287894154,95
1.1917404174804687,0.07476230648516904,0.0096832275390625,0.0008202916499726299,0.25,0,4,0,360,0.03,approx,"{'eta': 0.25, 'gamma': 0, 'max_depth': 4, 'min_child_weight': 0, 'n_estimators': 360, 'sketch_eps': 0.03, 'tree_method': 'approx'}",-23085.07333583048,-21295.457338934077,-21831.573282320205,-21474.908872003423,-19257.88175567209,-21388.978916952055,1235.340552524024,119
1.0562944889068604,0.024226583655487903,0.009253263473510742,0.0009941870415531592,0.25,0,4,0,370,0.03,approx,"{'eta': 0.25, 'gamma': 0, 'max_depth': 4, 'min_child_weight': 0, 'n_estimators': 370, 'sketch_eps': 0.03, 'tree_method': 'approx'}",-23192.66466449058,-21322.456803831337,-21866.48400042808,-21502.13406999144,-19247.191620291094,-21426.186231806507,1271.129699405796,122
1.048388671875,0.009041342174423593,0.008057975769042968,0.0031215017223782666,0.25,0,4,0,380,0.03,approx,"{'eta': 0.25, 'gamma': 0, 'max_depth': 4, 'min_child_weight': 0, 'n_estimators': 380, 'sketch_eps': 0.03, 'tree_method': 'approx'}",-23218.393086472603,-21372.928510273974,-21933.271818814213,-21539.47228167808,-19269.271524507705,-21466.667444349318,1275.060683118935,126
1.0926058292388916,0.018545398744339255,0.006041145324707032,0.004221979676728711,0.25,0,4,0,390,0.03,approx,"{'eta': 0.25, 'gamma': 0, 'max_depth': 4, 'min_child_weight': 0, 'n_estimators': 390, 'sketch_eps': 0.03, 'tree_method': 'approx'}",-23224.634457940923,-21431.826064854453,-21956.30114244435,-21594.389621682363,-19289.732074058218,-21499.376672196064,1271.331128698342,150
1.1110259532928466,0.02187153856151811,0.008860063552856446,0.005785134639001629,0.25,0,4,0,400,0.03,approx,"{'eta': 0.25, 'gamma': 0, 'max_depth': 4, 'min_child_weight': 0, 'n_estimators': 400, 'sketch_eps': 0.03, 'tree_method': 'approx'}",-23245.96996735873,-21468.758936215752,-22004.57217198202,-21624.41103916952,-19292.737933433218,-21527.290009631848,1279.667177180617,154
0.7035114765167236,0.01601573010891962,0.006436777114868164,0.003678760804644586,0.25,0,5,0,200,0.03,approx,"{'eta': 0.25, 'gamma': 0, 'max_depth': 5, 'min_child_weight': 0, 'n_estimators': 200, 'sketch_eps': 0.03, 'tree_method': 'approx'}",-23244.942128638697,-21179.199018086474,-20872.801503638697,-20514.085188356163,-18766.913340111303,-20915.58823576627,1433.542424313912,42
0.7454935550689697,0.01425130970312485,0.006036138534545899,0.004216983879108148,0.25,0,5,0,210,0.03,approx,"{'eta': 0.25, 'gamma': 0, 'max_depth': 5, 'min_child_weight': 0, 'n_estimators': 210, 'sketch_eps': 0.03, 'tree_method': 'approx'}",-23344.200583261987,-21187.873167273116,-20930.24299015411,-20534.972883668663,-18768.291269798803,-20953.116178831337,1464.3238954488527,45
0.7899882793426514,0.01817873094922715,0.00845947265625,0.0032173229501943645,0.25,0,5,0,220,0.03,approx,"{'eta': 0.25, 'gamma': 0, 'max_depth': 5, 'min_child_weight': 0, 'n_estimators': 220, 'sketch_eps': 0.03, 'tree_method': 'approx'}",-23408.04189854452,-21237.172289704624,-20938.14070526541,-20622.758454623287,-18805.913554152397,-21002.405380458047,1470.7168754474353,51
0.8300332069396973,0.00788177255327143,0.006438827514648438,0.004478551196558351,0.25,0,5,0,230,0.03,approx,"{'eta': 0.25, 'gamma': 0, 'max_depth': 5, 'min_child_weight': 0, 'n_estimators': 230, 'sketch_eps': 0.03, 'tree_method': 'approx'}",-23473.874799336474,-21251.405621254282,-20933.053831335616,-20698.123622110445,-18842.64514661815,-21039.820604130993,1478.1829390884152,52
0.8710007667541504,0.02098998325749765,0.009363174438476562,0.003808668340446787,0.25,0,5,0,240,0.03,approx,"{'eta': 0.25, 'gamma': 0, 'max_depth': 5, 'min_child_weight': 0, 'n_estimators': 240, 'sketch_eps': 0.03, 'tree_method': 'approx'}",-23561.18877086901,-21263.775203339042,-20994.859441887842,-20753.313516695205,-18829.23393354024,-21080.474173266266,1507.9781680637013,54
0.8786561012268066,0.016908252646413303,0.007633590698242187,0.0029478157681072665,0.25,0,5,0,250,0.03,approx,"{'eta': 0.25, 'gamma': 0, 'max_depth': 5, 'min_child_weight': 0, 'n_estimators': 250, 'sketch_eps': 0.03, 'tree_method': 'approx'}",-23655.318131956337,-21313.830854023974,-21024.449847495718,-20744.115863120718,-18870.60209760274,-21121.663358839898,1528.1102208738316,56
0.9179072380065918,0.019775984133023332,0.0031296730041503905,0.0027070823770461772,0.25,0,5,0,260,0.03,approx,"{'eta': 0.25, 'gamma': 0, 'max_depth': 5, 'min_child_weight': 0, 'n_estimators': 260, 'sketch_eps': 0.03, 'tree_method': 'approx'}",-23705.616251070205,-21349.52584546233,-21093.488481913526,-20771.489899935787,-18917.799055543663,-21167.5839067851,1529.6158681715665,58
0.9564596176147461,0.012788907436894438,0.004431962966918945,0.0038978513001316985,0.25,0,5,0,270,0.03,approx,"{'eta': 0.25, 'gamma': 0, 'max_depth': 5, 'min_child_weight': 0, 'n_estimators': 270, 'sketch_eps': 0.03, 'tree_method': 'approx'}",-23733.823991331337,-21320.86658550942,-21141.855816566782,-20813.569991438355,-18950.750923052226,-21192.173461579623,1526.1976795130588,60
0.9786746978759766,0.017465855520399746,0.006054306030273437,0.0049433242082353186,0.25,0,5,0,280,0.03,approx,"{'eta': 0.25, 'gamma': 0, 'max_depth': 5, 'min_child_weight': 0, 'n_estimators': 280, 'sketch_eps': 0.03, 'tree_method': 'approx'}",-23775.69860338185,-21321.547650898974,-21138.03682844606,-20847.073723779966,-18954.867521939213,-21207.444865689213,1537.3832464220204,63
1.0248928546905518,0.021860560145775865,0.0074557304382324215,0.003337258787486534,0.25,0,5,0,290,0.03,approx,"{'eta': 0.25, 'gamma': 0, 'max_depth': 5, 'min_child_weight': 0, 'n_estimators': 290, 'sketch_eps': 0.03, 'tree_method': 'approx'}",-23819.695258989726,-21324.034808433218,-21165.302841395547,-20860.756260702055,-18967.519959332192,-21227.461825770548,1547.5577187136682,65
1.068090057373047,0.013806099399895227,0.0055373191833496095,0.0037269786332239257,0.25,0,5,0,300,0.03,approx,"{'eta': 0.25, 'gamma': 0, 'max_depth': 5, 'min_child_weight': 0, 'n_estimators': 300, 'sketch_eps': 0.03, 'tree_method': 'approx'}",-23823.595743257705,-21312.32919520548,-21210.66574807363,-20937.000334439213,-18988.91930650685,-21254.502065496577,1538.777470060158,70
1.2543985366821289,0.062431307017804,0.007241582870483399,0.0027965454763367024,0.25,0,5,0,310,0.03,approx,"{'eta': 0.25, 'gamma': 0, 'max_depth': 5, 'min_child_weight': 0, 'n_estimators': 310, 'sketch_eps': 0.03, 'tree_method': 'approx'}",-23839.905072773974,-21305.464375535103,-21198.44513859161,-20952.702255458047,-19018.12837114726,-21262.929042701202,1535.066357036748,71
1.3335340023040771,0.031458442350544645,0.012873506546020508,0.013962401326131453,0.25,0,5,0,320,0.03,approx,"{'eta': 0.25, 'gamma': 0, 'max_depth': 5, 'min_child_weight': 0, 'n_estimators': 320, 'sketch_eps': 0.03, 'tree_method': 'approx'}",-23870.622578660103,-21338.999772581337,-21198.73212756849,-20963.337703339042,-19062.598499036816,-21286.85813623716,1532.2088657722124,77
1.386377763748169,0.04622494659792148,0.007751274108886719,0.0030441063626764353,0.25,0,5,0,330,0.03,approx,"{'eta': 0.25, 'gamma': 0, 'max_depth': 5, 'min_child_weight': 0, 'n_estimators': 330, 'sketch_eps': 0.03, 'tree_method': 'approx'}",-23898.52674175942,-21324.491251070205,-21243.62223084332,-20980.214188249145,-19054.312714041094,-21300.233425192637,1542.8216735028657,80
1.302469301223755,0.11812971072980645,0.01028614044189453,0.007274027683011791,0.25,0,5,0,340,0.03,approx,"{'eta': 0.25, 'gamma': 0, 'max_depth': 5, 'min_child_weight': 0, 'n_estimators': 340, 'sketch_eps': 0.03, 'tree_method': 'approx'}",-23911.03577161815,-21354.854880136987,-21279.72123822774,-21011.73670269692,-19082.59737532106,-21327.98919360017,1537.334136772914,92
1.250013780593872,0.01778419243908434,0.008363771438598632,0.002524558295999574,0.25,0,5,0,350,0.03,approx,"{'eta': 0.25, 'gamma': 0, 'max_depth': 5, 'min_child_weight': 0, 'n_estimators': 350, 'sketch_eps': 0.03, 'tree_method': 'approx'}",-23941.344137949487,-21396.55388484589,-21291.281972388697,-21052.27778520976,-19108.96219499144,-21358.083995077053,1538.2614678929674,94
1.28275785446167,0.021198273948012446,0.003601264953613281,0.0028575436074751662,0.25,0,5,0,360,0.03,approx,"{'eta': 0.25, 'gamma': 0, 'max_depth': 5, 'min_child_weight': 0, 'n_estimators': 360, 'sketch_eps': 0.03, 'tree_method': 'approx'}",-23982.726147795376,-21417.309075342466,-21311.573362585616,-21091.11134150257,-19105.03686857877,-21381.551359160956,1551.7190109672958,97
1.314449167251587,0.01890586419978574,0.00914626121520996,0.0037354250991283875,0.25,0,5,0,370,0.03,approx,"{'eta': 0.25, 'gamma': 0, 'max_depth': 5, 'min_child_weight': 0, 'n_estimators': 370, 'sketch_eps': 0.03, 'tree_method': 'approx'}",-23998.76240100599,-21450.48465592894,-21334.565924657534,-21137.552547089042,-19130.24450181935,-21410.32200610017,1547.9361940076012,120
1.3360291481018067,0.006420677596935202,0.007248401641845703,0.0037346191710634245,0.25,0,5,0,380,0.03,approx,"{'eta': 0.25, 'gamma': 0, 'max_depth': 5, 'min_child_weight': 0, 'n_estimators': 380, 'sketch_eps': 0.03, 'tree_method': 'approx'}",-24046.880645333906,-21467.464174871577,-21360.391534674658,-21168.370786065923,-19146.435520119863,-21437.908532213187,1558.0190672589424,123
1.382619047164917,0.030731973032935143,0.007654905319213867,0.0039050273895817984,0.25,0,5,0,390,0.03,approx,"{'eta': 0.25, 'gamma': 0, 'max_depth': 5, 'min_child_weight': 0, 'n_estimators': 390, 'sketch_eps': 0.03, 'tree_method': 'approx'}",-24064.96785370291,-21480.949178617295,-21396.72040881849,-21202.82262681935,-19156.53356431935,-21460.39872645548,1559.64083815729,125
1.4267708778381347,0.025412421089499284,0.007259225845336914,0.00432539937829203,0.25,0,5,0,400,0.03,approx,"{'eta': 0.25, 'gamma': 0, 'max_depth': 5, 'min_child_weight': 0, 'n_estimators': 400, 'sketch_eps': 0.03, 'tree_method': 'approx'}",-24100.981846639555,-21482.63253157106,-21460.397246896406,-21209.623113762842,-19145.916403574487,-21479.910228488872,1574.2291379583307,148
0.9279187202453614,0.018870953823585716,0.004027509689331054,0.003601006675446427,0.25,0,6,0,200,0.03,approx,"{'eta': 0.25, 'gamma': 0, 'max_depth': 6, 'min_child_weight': 0, 'n_estimators': 200, 'sketch_eps': 0.03, 'tree_method': 'approx'}",-23378.17659728168,-21086.51119702483,-21785.02359803082,-21249.240006956337,-19443.075449486303,-21388.405369755994,1265.8049727598334,118
0.9498573303222656,0.018808860011532494,0.004429912567138672,0.0030989932785147815,0.25,0,6,0,210,0.03,approx,"{'eta': 0.25, 'gamma': 0, 'max_depth': 6, 'min_child_weight': 0, 'n_estimators': 210, 'sketch_eps': 0.03, 'tree_method': 'approx'}",-23446.372485017124,-21107.644103167808,-21802.629735659248,-21270.432563677226,-19453.43244327911,-21416.102266160102,1283.7320265881726,121
0.9967251300811768,0.025378156010771966,0.006037569046020508,0.004225729969440377,0.25,0,6,0,220,0.03,approx,"{'eta': 0.25, 'gamma': 0, 'max_depth': 6, 'min_child_weight': 0, 'n_estimators': 220, 'sketch_eps': 0.03, 'tree_method': 'approx'}",-23522.643073095034,-21131.648638163526,-21807.89018354024,-21281.108880029966,-19475.851495612158,-21443.82845408818,1300.067565120614,124
1.0446518421173097,0.03187600145920623,0.007058477401733399,0.004231836177166881,0.25,0,6,0,230,0.03,approx,"{'eta': 0.25, 'gamma': 0, 'max_depth': 6, 'min_child_weight': 0, 'n_estimators': 230, 'sketch_eps': 0.03, 'tree_method': 'approx'}",-23568.61840485873,-21136.85584332192,-21859.921982020547,-21346.293303189213,-19506.29175139127,-21483.596256956334,1306.7327601217532,149
1.094909429550171,0.024552042481490247,0.00846414566040039,0.0032212128875992885,0.25,0,6,0,240,0.03,approx,"{'eta': 0.25, 'gamma': 0, 'max_depth': 6, 'min_child_weight': 0, 'n_estimators': 240, 'sketch_eps': 0.03, 'tree_method': 'approx'}",-23607.27486889983,-21120.586606378423,-21854.204583154966,-21402.94868364726,-19524.357448630137,-21501.874438142124,1313.2088687091248,151
1.1355745792388916,0.02375092046322771,0.006149196624755859,0.0029500041080273744,0.25,0,6,0,250,0.03,approx,"{'eta': 0.25, 'gamma': 0, 'max_depth': 6, 'min_child_weight': 0, 'n_estimators': 250, 'sketch_eps': 0.03, 'tree_method': 'approx'}",-23633.53824646832,-21104.63928724315,-21878.637066566782,-21414.70329890839,-19562.380859375,-21518.77975171233,1312.367451324103,152
1.1808966159820558,0.019300894155358357,0.008067560195922852,0.0027744963902504864,0.25,0,6,0,260,0.03,approx,"{'eta': 0.25, 'gamma': 0, 'max_depth': 6, 'min_child_weight': 0, 'n_estimators': 260, 'sketch_eps': 0.03, 'tree_method': 'approx'}",-23669.795122538526,-21121.267711900684,-21920.14470515839,-21461.86025791952,-19565.10726134418,-21547.635011772258,1323.774125099129,165
1.2330882549285889,0.029728640110636338,0.00785684585571289,0.0020727114623851823,0.25,0,6,0,270,0.03,approx,"{'eta': 0.25, 'gamma': 0, 'max_depth': 6, 'min_child_weight': 0, 'n_estimators': 270, 'sketch_eps': 0.03, 'tree_method': 'approx'}",-23707.461526113013,-21132.87633775685,-21925.94167380137,-21489.161453874145,-19598.303644049658,-21570.748927119006,1325.189188984215,176
1.2618921756744386,0.018605100265814856,0.007648181915283203,0.0029533630468383,0.25,0,6,0,280,0.03,approx,"{'eta': 0.25, 'gamma': 0, 'max_depth': 6, 'min_child_weight': 0, 'n_estimators': 280, 'sketch_eps': 0.03, 'tree_method': 'approx'}",-23712.170550620718,-21145.760675299658,-21929.216930650684,-21538.41043717894,-19613.73270280394,-21587.85825931079,1320.9311509132426,177
1.3199713230133057,0.013482373764023893,0.008048915863037109,0.003120236317648373,0.25,0,6,0,290,0.03,approx,"{'eta': 0.25, 'gamma': 0, 'max_depth': 6, 'min_child_weight': 0, 'n_estimators': 290, 'sketch_eps': 0.03, 'tree_method': 'approx'}",-23727.11345515839,-21160.066352739726,-21948.752889554795,-21575.459920804795,-19619.698563249145,-21606.218236301367,1323.766180762397,178
1.3599431037902832,0.013446455296838666,0.006452703475952148,0.003887971138432053,0.25,0,6,0,300,0.03,approx,"{'eta': 0.25, 'gamma': 0, 'max_depth': 6, 'min_child_weight': 0, 'n_estimators': 300, 'sketch_eps': 0.03, 'tree_method': 'approx'}",-23746.267912564213,-21168.582981057363,-21967.124571917808,-21589.49181292808,-19622.54890839041,-21618.803237371576,1329.3624397482554,179
1.3997963428497315,0.015527448865504523,0.013265657424926757,0.011280396582119268,0.25,0,6,0,310,0.03,approx,"{'eta': 0.25, 'gamma': 0, 'max_depth': 6, 'min_child_weight': 0, 'n_estimators': 310, 'sketch_eps': 0.03, 'tree_method': 'approx'}",-23755.8623046875,-21191.272955907534,-21977.07872699058,-21595.157039276542,-19619.15730682791,-21627.705666738017,1332.4347375544319,180
1.4741287708282471,0.013908785556565597,0.009469127655029297,0.0023364714970826,0.25,0,6,0,320,0.03,approx,"{'eta': 0.25, 'gamma': 0, 'max_depth': 6, 'min_child_weight': 0, 'n_estimators': 320, 'sketch_eps': 0.03, 'tree_method': 'approx'}",-23768.165346746577,-21219.523785316782,-21988.911320098458,-21626.49875588613,-19631.492843000855,-21646.91841020976,1331.2904311840007,202
1.4831766128540038,0.02522256585644376,0.0060443878173828125,0.0033682909809360706,0.25,0,6,0,330,0.03,approx,"{'eta': 0.25, 'gamma': 0, 'max_depth': 6, 'min_child_weight': 0, 'n_estimators': 330, 'sketch_eps': 0.03, 'tree_method': 'approx'}",-23789.385849208047,-21218.94362692637,-21993.214335402397,-21631.95125214041,-19644.557363013697,-21655.610485338184,1334.3572256632003,203
1.566204309463501,0.017784312239172807,0.008246135711669923,0.0018335558118595938,0.25,0,6,0,340,0.03,approx,"{'eta': 0.25, 'gamma': 0, 'max_depth': 6, 'min_child_weight': 0, 'n_estimators': 340, 'sketch_eps': 0.03, 'tree_method': 'approx'}",-23800.610859910103,-21216.989980201197,-22010.37580265411,-21636.054620612158,-19662.64497270976,-21665.335247217467,1333.4987136262248,204
1.574839973449707,0.018895267504035664,0.006453418731689453,0.0036849178368275194,0.25,0,6,0,350,0.03,approx,"{'eta': 0.25, 'gamma': 0, 'max_depth': 6, 'min_child_weight': 0, 'n_estimators': 350, 'sketch_eps': 0.03, 'tree_method': 'approx'}",-23805.984040560787,-21225.884631849316,-22019.192128638697,-21645.119782748287,-19671.606124250855,-21673.557341609587,1332.3464458545886,205
1.6267973899841308,0.020410946748757014,0.007559919357299804,0.0038529681862118346,0.25,0,6,0,360,0.03,approx,"{'eta': 0.25, 'gamma': 0, 'max_depth': 6, 'min_child_weight': 0, 'n_estimators': 360, 'sketch_eps': 0.03, 'tree_method': 'approx'}",-23805.403748394692,-21228.499866224316,-22026.782815175513,-21653.984722816782,-19674.51339094606,-21677.83690871147,1331.4714960758793,206
1.660652494430542,0.02268885914301509,0.007947731018066406,0.003117303424796116,0.25,0,6,0,370,0.03,approx,"{'eta': 0.25, 'gamma': 0, 'max_depth': 6, 'min_child_weight': 0, 'n_estimators': 370, 'sketch_eps': 0.03, 'tree_method': 'approx'}",-23824.67322613442,-21233.92533979024,-22041.79462756849,-21664.213011023116,-19686.172503745718,-21690.155741652394,1334.5098591104163,207
1.718264389038086,0.007858612465673091,0.008957529067993164,0.0015725005539296668,0.25,0,6,0,380,0.03,approx,"{'eta': 0.25, 'gamma': 0, 'max_depth': 6, 'min_child_weight': 0, 'n_estimators': 380, 'sketch_eps': 0.03, 'tree_method': 'approx'}",-23839.933473351884,-21244.000107020547,-22050.262668557363,-21674.810399721748,-19694.07165025685,-21700.61565978168,1336.7360453608392,214
1.7636546611785888,0.024043217754286295,0.009060239791870118,0.006115657632486487,0.25,0,6,0,390,0.03,approx,"{'eta': 0.25, 'gamma': 0, 'max_depth': 6, 'min_child_weight': 0, 'n_estimators': 390, 'sketch_eps': 0.03, 'tree_method': 'approx'}",-23838.380832619863,-21248.734174336474,-22060.233612478594,-21691.86193011558,-19687.925379922945,-21705.427185894692,1338.2410036681117,230
1.8030546188354493,0.013195497625635827,0.009259462356567383,0.0009789358622477073,0.25,0,6,0,400,0.03,approx,"{'eta': 0.25, 'gamma': 0, 'max_depth': 6, 'min_child_weight': 0, 'n_estimators': 400, 'sketch_eps': 0.03, 'tree_method': 'approx'}",-23852.75771885702,-21240.118217572774,-22058.793624250855,-21707.093428938355,-19684.406357020547,-21708.63386932791,1344.3872393447818,231
1.1729168891906738,0.058354218922669655,0.0028151512145996095,0.0037229426229801656,0.25,0,7,0,200,0.03,approx,"{'eta': 0.25, 'gamma': 0, 'max_depth': 7, 'min_child_weight': 0, 'n_estimators': 200, 'sketch_eps': 0.03, 'tree_method': 'approx'}",-22929.62928082192,-21326.23037510702,-21444.92020280394,-21264.150176583906,-19061.759337542808,-21205.33787457192,1236.4128253649037,62
1.2290780067443847,0.0198284632815632,0.007548666000366211,0.0029509409417610407,0.25,0,7,0,210,0.03,approx,"{'eta': 0.25, 'gamma': 0, 'max_depth': 7, 'min_child_weight': 0, 'n_estimators': 210, 'sketch_eps': 0.03, 'tree_method': 'approx'}",-22943.10005083476,-21322.65065817637,-21442.822078339042,-21265.88221050942,-19091.84135541524,-21213.259270654966,1229.650180173832,64
1.2722040176391602,0.015758890111513834,0.005240345001220703,0.0032712407875473385,0.25,0,7,0,220,0.03,approx,"{'eta': 0.25, 'gamma': 0, 'max_depth': 7, 'min_child_weight': 0, 'n_estimators': 220, 'sketch_eps': 0.03, 'tree_method': 'approx'}",-22963.311911386987,-21327.392002889555,-21465.87920055651,-21281.282199807363,-19104.78043396832,-21228.529149721748,1231.963605996239,66
1.3280137062072754,0.03072665667288779,0.0064544677734375,0.003691752517798786,0.25,0,7,0,230,0.03,approx,"{'eta': 0.25, 'gamma': 0, 'max_depth': 7, 'min_child_weight': 0, 'n_estimators': 230, 'sketch_eps': 0.03, 'tree_method': 'approx'}",-22998.988134096748,-21315.219699807363,-21473.869140625,-21308.03879494863,-19106.984241224316,-21240.62000214041,1241.674322586977,68
1.392204999923706,0.015811859772518536,0.002826690673828125,0.003741737634674877,0.25,0,7,0,240,0.03,approx,"{'eta': 0.25, 'gamma': 0, 'max_depth': 7, 'min_child_weight': 0, 'n_estimators': 240, 'sketch_eps': 0.03, 'tree_method': 'approx'}",-23023.43865047089,-21321.554633989726,-21490.018501177226,-21319.32981057363,-19112.207887414384,-21253.30989672517,1247.6153698734688,69
1.4668762683868408,0.026759681907393296,0.00877532958984375,0.0033958928390241385,0.25,0,7,0,250,0.03,approx,"{'eta': 0.25, 'gamma': 0, 'max_depth': 7, 'min_child_weight': 0, 'n_estimators': 250, 'sketch_eps': 0.03, 'tree_method': 'approx'}",-23042.657333583047,-21332.213532748287,-21502.729920269692,-21323.55086151541,-19122.163848458906,-21264.66309931507,1250.3018177898339,72
1.5368392944335938,0.0401880058424493,0.005025720596313477,0.004217118465760467,0.25,0,7,0,260,0.03,approx,"{'eta': 0.25, 'gamma': 0, 'max_depth': 7, 'min_child_weight': 0, 'n_estimators': 260, 'sketch_eps': 0.03, 'tree_method': 'approx'}",-23046.205907534248,-21342.8271484375,-21509.43297838185,-21344.29741010274,-19123.32350973887,-21273.21739083904,1251.497316945958,73
1.9319457054138183,0.13910280863582042,0.007794189453125,0.007307611221366245,0.25,0,7,0,270,0.03,approx,"{'eta': 0.25, 'gamma': 0, 'max_depth': 7, 'min_child_weight': 0, 'n_estimators': 270, 'sketch_eps': 0.03, 'tree_method': 'approx'}",-23051.684383026542,-21343.62153520976,-21523.021350599316,-21351.11674604024,-19125.13940764127,-21278.916684503427,1253.0322043631081,75
2.2301618576049806,0.06109667533282924,0.011060571670532227,0.003721488001263457,0.25,0,7,0,280,0.03,approx,"{'eta': 0.25, 'gamma': 0, 'max_depth': 7, 'min_child_weight': 0, 'n_estimators': 280, 'sketch_eps': 0.03, 'tree_method': 'approx'}",-23056.642618257705,-21356.27405286815,-21532.161065924658,-21350.774802011987,-19135.22212114726,-21286.214932041952,1251.4591501629807,76
2.208564805984497,0.13938188351826447,0.005660581588745117,0.004117129098099327,0.25,0,7,0,290,0.03,approx,"{'eta': 0.25, 'gamma': 0, 'max_depth': 7, 'min_child_weight': 0, 'n_estimators': 290, 'sketch_eps': 0.03, 'tree_method': 'approx'}",-23066.878050085616,-21358.810894691782,-21535.98383989726,-21357.51517016267,-19134.74289651113,-21290.786170269694,1254.7690611118696,78
2.275810432434082,0.05247030254387005,0.012680912017822265,0.0032276498439692465,0.25,0,7,0,300,0.03,approx,"{'eta': 0.25, 'gamma': 0, 'max_depth': 7, 'min_child_weight': 0, 'n_estimators': 300, 'sketch_eps': 0.03, 'tree_method': 'approx'}",-23082.283591074487,-21374.52607288099,-21541.12216395548,-21362.23810734161,-19138.90678510274,-21299.815344071063,1258.1276666137176,79
2.205470323562622,0.0838557310731133,0.01012425422668457,0.0012975112285104175,0.25,0,7,0,310,0.03,approx,"{'eta': 0.25, 'gamma': 0, 'max_depth': 7, 'min_child_weight': 0, 'n_estimators': 310, 'sketch_eps': 0.03, 'tree_method': 'approx'}",-23087.76201305651,-21372.715418985445,-21544.586044520547,-21369.28922303082,-19140.06791791524,-21302.88412350171,1259.465671264259,82
2.283147954940796,0.05473904112504452,0.009788179397583007,0.00178033050384767,0.25,0,7,0,320,0.03,approx,"{'eta': 0.25, 'gamma': 0, 'max_depth': 7, 'min_child_weight': 0, 'n_estimators': 320, 'sketch_eps': 0.03, 'tree_method': 'approx'}",-23098.738829730308,-21377.904684824487,-21549.28141053082,-21377.325409353594,-19140.31736943493,-21308.71354077483,1262.814348498256,83
2.355429267883301,0.03934488826852422,0.009741687774658203,0.0021210565749423095,0.25,0,7,0,330,0.03,approx,"{'eta': 0.25, 'gamma': 0, 'max_depth': 7, 'min_child_weight': 0, 'n_estimators': 330, 'sketch_eps': 0.03, 'tree_method': 'approx'}",-23102.67872431507,-21380.115729345034,-21554.1650390625,-21381.234602418663,-19139.641173480308,-21311.567053724313,1264.416807588438,84
2.4275144577026366,0.025260525596018404,0.010398101806640626,0.001831548491342025,0.25,0,7,0,340,0.03,approx,"{'eta': 0.25, 'gamma': 0, 'max_depth': 7, 'min_child_weight': 0, 'n_estimators': 340, 'sketch_eps': 0.03, 'tree_method': 'approx'}",-23105.88805650685,-21385.711138163526,-21560.789316673803,-21383.969218214897,-19141.29829302226,-21315.53120451627,1265.1029157565135,85
2.5348363399505613,0.08493328058146338,0.011115837097167968,0.0015639301916252726,0.25,0,7,0,350,0.03,approx,"{'eta': 0.25, 'gamma': 0, 'max_depth': 7, 'min_child_weight': 0, 'n_estimators': 350, 'sketch_eps': 0.03, 'tree_method': 'approx'}",-23106.231472067637,-21386.913861836474,-21561.676731057363,-21389.000214041094,-19146.08399775257,-21317.98125535103,1263.658135474998,86
2.7478835582733154,0.16146971868873225,0.010387706756591796,0.0008895588110799818,0.25,0,7,0,360,0.03,approx,"{'eta': 0.25, 'gamma': 0, 'max_depth': 7, 'min_child_weight': 0, 'n_estimators': 360, 'sketch_eps': 0.03, 'tree_method': 'approx'}",-23110.78071489726,-21385.398236836474,-21566.835148223458,-21389.631434610445,-19144.740234375,-21319.477153788528,1265.5988548050914,87
2.72044997215271,0.0671408395722745,0.011729145050048828,0.0015167254482345732,0.25,0,7,0,370,0.03,approx,"{'eta': 0.25, 'gamma': 0, 'max_depth': 7, 'min_child_weight': 0, 'n_estimators': 370, 'sketch_eps': 0.03, 'tree_method': 'approx'}",-23116.05444670377,-21389.93188142123,-21567.59931506849,-21391.829890839042,-19145.648771939213,-21322.21286119435,1266.8816658867513,88
2.754205083847046,0.049677398116803634,0.01069173812866211,0.0032371533751457127,0.25,0,7,0,380,0.03,approx,"{'eta': 0.25, 'gamma': 0, 'max_depth': 7, 'min_child_weight': 0, 'n_estimators': 380, 'sketch_eps': 0.03, 'tree_method': 'approx'}",-23117.18412885274,-21390.505070098458,-21571.824071596748,-21394.618565389555,-19147.311550192637,-21324.288677226024,1266.8313374250502,89
2.787488603591919,0.03911961226015923,0.013338327407836914,0.0022797142549932678,0.25,0,7,0,390,0.03,approx,"{'eta': 0.25, 'gamma': 0, 'max_depth': 7, 'min_child_weight': 0, 'n_estimators': 390, 'sketch_eps': 0.03, 'tree_method': 'approx'}",-23118.705907534248,-21392.64932041952,-21573.03381849315,-21398.33525524401,-19147.743926583906,-21326.093645654964,1267.224855893985,90
2.851514720916748,0.03082303119665412,0.01879119873046875,0.008188278445100072,0.25,0,7,0,400,0.03,approx,"{'eta': 0.25, 'gamma': 0, 'max_depth': 7, 'min_child_weight': 0, 'n_estimators': 400, 'sketch_eps': 0.03, 'tree_method': 'approx'}",-23122.724208047945,-21392.697372645547,-21575.07669360017,-21401.041202910958,-19148.402544413526,-21327.98840432363,1268.2466408826292,91
1.7879090785980225,0.04326176156606257,0.010085487365722656,0.002234985847676948,0.25,0,8,0,200,0.03,approx,"{'eta': 0.25, 'gamma': 0, 'max_depth': 8, 'min_child_weight': 0, 'n_estimators': 200, 'sketch_eps': 0.03, 'tree_method': 'approx'}",-23495.807309503423,-21268.553068814213,-22300.181961686645,-21399.95275042808,-19142.40919306507,-21521.380856699485,1431.297581242719,153
1.944275426864624,0.049514059148911264,0.010808515548706054,0.0018348604217417448,0.25,0,8,0,210,0.03,approx,"{'eta': 0.25, 'gamma': 0, 'max_depth': 8, 'min_child_weight': 0, 'n_estimators': 210, 'sketch_eps': 0.03, 'tree_method': 'approx'}",-23498.68093161387,-21275.80886130137,-22311.416671125855,-21408.001886237158,-19144.479010595034,-21527.677472174655,1432.2357850146198,155
2.26613130569458,0.20892739138440863,0.01131591796875,0.003235241676918785,0.25,0,8,0,220,0.03,approx,"{'eta': 0.25, 'gamma': 0, 'max_depth': 8, 'min_child_weight': 0, 'n_estimators': 220, 'sketch_eps': 0.03, 'tree_method': 'approx'}",-23506.17843000856,-21276.69599475599,-22316.891748715752,-21411.508575021406,-19143.50861515411,-21530.956672731165,1435.1320149814946,156
2.353513717651367,0.287659086337417,0.010086917877197265,0.003158762543379426,0.25,0,8,0,230,0.03,approx,"{'eta': 0.25, 'gamma': 0, 'max_depth': 8, 'min_child_weight': 0, 'n_estimators': 230, 'sketch_eps': 0.03, 'tree_method': 'approx'}",-23510.44778735017,-21278.519116545376,-22321.626926369863,-21425.21252943065,-19144.673868257705,-21536.09604559075,1436.1521245062352,157
2.284730243682861,0.17712147301860906,0.010699081420898437,0.00419158334997644,0.25,0,8,0,240,0.03,approx,"{'eta': 0.25, 'gamma': 0, 'max_depth': 8, 'min_child_weight': 0, 'n_estimators': 240, 'sketch_eps': 0.03, 'tree_method': 'approx'}",-23516.910570954624,-21274.405674764555,-22326.87233786387,-21429.103488869863,-19146.339429045376,-21538.726300299655,1438.0392679488125,158
2.8952002048492433,0.17807754604369008,0.013180828094482422,0.004528930080765603,0.25,0,8,0,250,0.03,approx,"{'eta': 0.25, 'gamma': 0, 'max_depth': 8, 'min_child_weight': 0, 'n_estimators': 250, 'sketch_eps': 0.03, 'tree_method': 'approx'}",-23519.338372217466,-21275.49751177226,-22328.72060948202,-21431.771149935787,-19145.703700235445,-21540.206268728598,1439.0406665658456,159
2.5561798095703123,0.10456348321148652,0.01332869529724121,0.005236128189627054,0.25,0,8,0,260,0.03,approx,"{'eta': 0.25, 'gamma': 0, 'max_depth': 8, 'min_child_weight': 0, 'n_estimators': 260, 'sketch_eps': 0.03, 'tree_method': 'approx'}",-23517.24308379709,-21278.780821917808,-22332.293824914384,-21436.01954462757,-19144.851080907534,-21541.837671232883,1438.9571620427268,160
2.806388759613037,0.18466692553834704,0.010189008712768555,0.0024800436488569364,0.25,0,8,0,270,0.03,approx,"{'eta': 0.25, 'gamma': 0, 'max_depth': 8, 'min_child_weight': 0, 'n_estimators': 270, 'sketch_eps': 0.03, 'tree_method': 'approx'}",-23518.72931827911,-21279.932309503423,-22333.836713398974,-21439.494689105308,-19147.34375,-21543.867356057366,1438.6112826031465,161
3.17502498626709,0.17452790090504278,0.009390115737915039,0.0010852581480085622,0.25,0,8,0,280,0.03,approx,"{'eta': 0.25, 'gamma': 0, 'max_depth': 8, 'min_child_weight': 0, 'n_estimators': 280, 'sketch_eps': 0.03, 'tree_method': 'approx'}",-23521.216168129282,-21281.16307255993,-22334.994729238013,-21442.778427333047,-19148.12819723887,-21545.656118899828,1439.0673004422188,162
2.653792476654053,0.08081409580047122,0.010141849517822266,0.004443334662644963,0.25,0,8,0,290,0.03,approx,"{'eta': 0.25, 'gamma': 0, 'max_depth': 8, 'min_child_weight': 0, 'n_estimators': 290, 'sketch_eps': 0.03, 'tree_method': 'approx'}",-23522.947613441782,-21281.63485926798,-22337.438168878423,-21445.27397260274,-19147.389434396406,-21546.936809717467,1440.0041082610317,163
2.825568675994873,0.11510645478572056,0.011829614639282227,0.0018527062387037703,0.25,0,8,0,300,0.03,approx,"{'eta': 0.25, 'gamma': 0, 'max_depth': 8, 'min_child_weight': 0, 'n_estimators': 300, 'sketch_eps': 0.03, 'tree_method': 'approx'}",-23523.8740234375,-21281.843495826197,-22337.354987157534,-21446.54342358733,-19147.610217786816,-21547.445229559075,1440.1501131173243,164
2.9539958000183106,0.11297510323090386,0.009405851364135742,0.0014197040082872358,0.25,0,8,0,310,0.03,approx,"{'eta': 0.25, 'gamma': 0, 'max_depth': 8, 'min_child_weight': 0, 'n_estimators': 310, 'sketch_eps': 0.03, 'tree_method': 'approx'}",-23525.679580479453,-21282.33389073202,-22338.217051048803,-21447.636491331337,-19147.278815282534,-21548.22916577483,1440.817321555095,166
2.9314077377319334,0.10869435988318037,0.011919260025024414,0.0026753048730447054,0.25,0,8,0,320,0.03,approx,"{'eta': 0.25, 'gamma': 0, 'max_depth': 8, 'min_child_weight': 0, 'n_estimators': 320, 'sketch_eps': 0.03, 'tree_method': 'approx'}",-23526.536627782534,-21282.339736729453,-22339.48466930651,-21448.61689319349,-19147.90226348459,-21548.976038099318,1440.9699461264515,167
3.072423505783081,0.1139716214271401,0.011198616027832032,0.0018338950957430555,0.25,0,8,0,330,0.03,approx,"{'eta': 0.25, 'gamma': 0, 'max_depth': 8, 'min_child_weight': 0, 'n_estimators': 330, 'sketch_eps': 0.03, 'tree_method': 'approx'}",-23526.345569349316,-21282.47107769692,-22339.52298266267,-21449.349288313355,-19148.576212007705,-21549.253026005994,1440.6820648120413,168
3.147025299072266,0.06332447628180148,0.010502958297729492,0.0008166077478008579,0.25,0,8,0,340,0.03,approx,"{'eta': 0.25, 'gamma': 0, 'max_depth': 8, 'min_child_weight': 0, 'n_estimators': 340, 'sketch_eps': 0.03, 'tree_method': 'approx'}",-23526.93653681507,-21282.513083261987,-22340.918289811645,-21450.331536279966,-19148.825663527397,-21549.905021939212,1440.8990952922234,169
3.201306772232056,0.08365857820291502,0.012515878677368164,0.0031068756322858346,0.25,0,8,0,350,0.03,approx,"{'eta': 0.25, 'gamma': 0, 'max_depth': 8, 'min_child_weight': 0, 'n_estimators': 350, 'sketch_eps': 0.03, 'tree_method': 'approx'}",-23528.076399293663,-21282.028654751713,-22341.682122217466,-21451.20463666524,-19148.996842893837,-21550.397731164383,1441.2446953418646,170
3.26414008140564,0.06750913041037522,0.010596990585327148,0.0023994067275134863,0.25,0,8,0,360,0.03,approx,"{'eta': 0.25, 'gamma': 0, 'max_depth': 8, 'min_child_weight': 0, 'n_estimators': 360, 'sketch_eps': 0.03, 'tree_method': 'approx'}",-23528.45747270976,-21282.164169520547,-22342.33157641267,-21451.71485712757,-19149.120371361303,-21550.75768942637,1441.3673661107848,171
3.3802610874176025,0.08280468948052641,0.01066122055053711,0.001738855322531432,0.25,0,8,0,370,0.03,approx,"{'eta': 0.25, 'gamma': 0, 'max_depth': 8, 'min_child_weight': 0, 'n_estimators': 370, 'sketch_eps': 0.03, 'tree_method': 'approx'}",-23528.103314961474,-21282.16968107877,-22342.67998180651,-21451.985030500855,-19149.31204516267,-21550.85001070206,1441.2406694308745,172
3.458668422698975,0.08884532291054363,0.013189315795898438,0.004959999224188669,0.25,0,8,0,380,0.03,approx,"{'eta': 0.25, 'gamma': 0, 'max_depth': 8, 'min_child_weight': 0, 'n_estimators': 380, 'sketch_eps': 0.03, 'tree_method': 'approx'}",-23528.83247270976,-21282.556052011987,-22342.925527076197,-21452.18581442637,-19149.518889126713,-21551.203751070207,1441.3816319997138,173
3.5694485187530516,0.05155941976601208,0.012644720077514649,0.002594913990125552,0.25,0,8,0,390,0.03,approx,"{'eta': 0.25, 'gamma': 0, 'max_depth': 8, 'min_child_weight': 0, 'n_estimators': 390, 'sketch_eps': 0.03, 'tree_method': 'approx'}",-23529.053563784248,-21282.365876498287,-22343.239846425513,-21452.769063035103,-19149.572118471748,-21551.400093642977,1441.4581890958248,174
3.7018574714660644,0.08196118286255621,0.013224363327026367,0.0016154946442150139,0.25,0,8,0,400,0.03,approx,"{'eta': 0.25, 'gamma': 0, 'max_depth': 8, 'min_child_weight': 0, 'n_estimators': 400, 'sketch_eps': 0.03, 'tree_method': 'approx'}",-23529.216221639555,-21282.558526862158,-22343.433018514555,-21453.179353060787,-19149.72911761558,-21551.623247538526,1441.4589220826074,175
2.2671343326568603,0.11038965609361288,0.011626338958740235,0.002970540165858586,0.25,0,9,0,200,0.03,approx,"{'eta': 0.25, 'gamma': 0, 'max_depth': 9, 'min_child_weight': 0, 'n_estimators': 200, 'sketch_eps': 0.03, 'tree_method': 'approx'}",-23672.72798052226,-21485.79448041524,-22583.178764447774,-21370.882063356163,-19363.043918557363,-21695.12544145976,1434.371496923661,208
2.3366183757781984,0.08760030625634947,0.008872747421264648,0.001832815995834092,0.25,0,9,0,210,0.03,approx,"{'eta': 0.25, 'gamma': 0, 'max_depth': 9, 'min_child_weight': 0, 'n_estimators': 210, 'sketch_eps': 0.03, 'tree_method': 'approx'}",-23674.38273223459,-21487.39071864298,-22587.731217893837,-21371.972468964042,-19361.29769103168,-21696.554965753425,1435.8640468286019,209
2.4404188632965087,0.09520892212781078,0.008792924880981445,0.0025990382468205364,0.25,0,9,0,220,0.03,approx,"{'eta': 0.25, 'gamma': 0, 'max_depth': 9, 'min_child_weight': 0, 'n_estimators': 220, 'sketch_eps': 0.03, 'tree_method': 'approx'}",-23676.868672410103,-21488.29403895548,-22590.64574860873,-21373.20922517123,-19363.88199646832,-21698.579936322774,1435.9880546471732,210
2.807252836227417,0.13318972747521537,0.01609315872192383,0.00825254772273259,0.25,0,9,0,230,0.03,approx,"{'eta': 0.25, 'gamma': 0, 'max_depth': 9, 'min_child_weight': 0, 'n_estimators': 230, 'sketch_eps': 0.03, 'tree_method': 'approx'}",-23677.40270494435,-21489.494475064213,-22591.256488120718,-21374.06090806935,-19362.890317315923,-21699.02097870291,1436.459907501615,211
3.0095323085784913,0.12683083089977423,0.012057733535766602,0.002130200096716689,0.25,0,9,0,240,0.03,approx,"{'eta': 0.25, 'gamma': 0, 'max_depth': 9, 'min_child_weight': 0, 'n_estimators': 240, 'sketch_eps': 0.03, 'tree_method': 'approx'}",-23678.721933861303,-21489.662323416094,-22593.37800995291,-21375.674296339897,-19363.582981057363,-21700.203908925516,1436.7837790681742,212
2.8436535835266112,0.11921203819659473,0.009719133377075195,0.0007864253799590176,0.25,0,9,0,250,0.03,approx,"{'eta': 0.25, 'gamma': 0, 'max_depth': 9, 'min_child_weight': 0, 'n_estimators': 250, 'sketch_eps': 0.03, 'tree_method': 'approx'}",-23679.431426583906,-21490.26285584332,-22595.110017123287,-21375.847402076197,-19362.356498822774,-21700.601640089895,1437.568128502043,213
2.895360231399536,0.09618553673458723,0.012414836883544922,0.0044198239542383964,0.25,0,9,0,260,0.03,approx,"{'eta': 0.25, 'gamma': 0, 'max_depth': 9, 'min_child_weight': 0, 'n_estimators': 260, 'sketch_eps': 0.03, 'tree_method': 'approx'}",-23680.326680222603,-21490.319269049658,-22595.36443172089,-21376.3544921875,-19363.181573737158,-21701.109289383563,1437.5533280096631,215
3.024229860305786,0.09357112996708347,0.010704708099365235,0.0014727533168410268,0.25,0,9,0,270,0.03,approx,"{'eta': 0.25, 'gamma': 0, 'max_depth': 9, 'min_child_weight': 0, 'n_estimators': 270, 'sketch_eps': 0.03, 'tree_method': 'approx'}",-23680.76721693065,-21490.468348672945,-22595.681600492295,-21377.320807470034,-19363.15677172517,-21701.478949058222,1437.6741639474226,216
3.2278908252716065,0.18401170257577987,0.013046455383300782,0.0027380266424020254,0.25,0,9,0,280,0.03,approx,"{'eta': 0.25, 'gamma': 0, 'max_depth': 9, 'min_child_weight': 0, 'n_estimators': 280, 'sketch_eps': 0.03, 'tree_method': 'approx'}",-23680.846372003423,-21490.550593964042,-22596.292326626713,-21377.96065657106,-19363.095662992295,-21701.74912243151,1437.7605683724275,217
3.42171106338501,0.10723428644669027,0.012651872634887696,0.0021466665417822434,0.25,0,9,0,290,0.03,approx,"{'eta': 0.25, 'gamma': 0, 'max_depth': 9, 'min_child_weight': 0, 'n_estimators': 290, 'sketch_eps': 0.03, 'tree_method': 'approx'}",-23681.796313142124,-21490.484843214897,-22597.05859375,-21378.199860873287,-19363.060974957192,-21702.1201171875,1438.1198983501122,218
3.700581979751587,0.20185281483993542,0.01403813362121582,0.004104397103373377,0.25,0,9,0,300,0.03,approx,"{'eta': 0.25, 'gamma': 0, 'max_depth': 9, 'min_child_weight': 0, 'n_estimators': 300, 'sketch_eps': 0.03, 'tree_method': 'approx'}",-23682.08121521832,-21490.54191192209,-22597.535811750855,-21378.32243953339,-19363.31248662243,-21702.358773009415,1438.1687200596248,219
3.4952931880950926,0.08437930119384363,0.01732039451599121,0.004604454632173884,0.25,0,9,0,310,0.03,approx,"{'eta': 0.25, 'gamma': 0, 'max_depth': 9, 'min_child_weight': 0, 'n_estimators': 310, 'sketch_eps': 0.03, 'tree_method': 'approx'}",-23682.149026113013,-21490.534607769692,-22597.516494541953,-21378.44365368151,-19363.40314640411,-21702.409385702056,1438.1502483838353,220
3.623466205596924,0.08499228418584558,0.011507368087768555,0.0011984990567209708,0.25,0,9,0,320,0.03,approx,"{'eta': 0.25, 'gamma': 0, 'max_depth': 9, 'min_child_weight': 0, 'n_estimators': 320, 'sketch_eps': 0.03, 'tree_method': 'approx'}",-23682.16965432363,-21490.58187071918,-22597.679353060787,-21378.52102953767,-19363.412524079624,-21702.472886344178,1438.168272320571,221
3.774648380279541,0.13188227619176204,0.019752931594848634,0.012338997497798232,0.25,0,9,0,330,0.03,approx,"{'eta': 0.25, 'gamma': 0, 'max_depth': 9, 'min_child_weight': 0, 'n_estimators': 330, 'sketch_eps': 0.03, 'tree_method': 'approx'}",-23682.341743364726,-21490.580559717466,-22597.950048159248,-21378.659206442637,-19363.516012949487,-21702.609514126714,1438.2095019830315,222
3.83044638633728,0.10709857578851906,0.012302732467651368,0.0019456973134922351,0.25,0,9,0,340,0.03,approx,"{'eta': 0.25, 'gamma': 0, 'max_depth': 9, 'min_child_weight': 0, 'n_estimators': 340, 'sketch_eps': 0.03, 'tree_method': 'approx'}",-23682.441834332192,-21490.57813837757,-22598.05372431507,-21378.79873448202,-19363.44893782106,-21702.664273865586,1438.2655708703928,223
3.9780787944793703,0.06800783175556893,0.012822771072387695,0.002331038795667987,0.25,0,9,0,350,0.03,approx,"{'eta': 0.25, 'gamma': 0, 'max_depth': 9, 'min_child_weight': 0, 'n_estimators': 350, 'sketch_eps': 0.03, 'tree_method': 'approx'}",-23682.472723137842,-21490.571409460616,-22598.081442636987,-21378.884270654966,-19363.396096425513,-21702.681188463182,1438.2910609542328,224
4.107263612747192,0.1026916549380696,0.016102027893066407,0.009497092227284964,0.25,0,9,0,360,0.03,approx,"{'eta': 0.25, 'gamma': 0, 'max_depth': 9, 'min_child_weight': 0, 'n_estimators': 360, 'sketch_eps': 0.03, 'tree_method': 'approx'}",-23682.54928296233,-21490.637293985445,-22598.10997699058,-21378.958154965752,-19363.439961472603,-21702.73893407534,1438.2961519743426,225
4.190133666992187,0.11632477354404737,0.010706806182861328,0.0011843474591581918,0.25,0,9,0,370,0.03,approx,"{'eta': 0.25, 'gamma': 0, 'max_depth': 9, 'min_child_weight': 0, 'n_estimators': 370, 'sketch_eps': 0.03, 'tree_method': 'approx'}",-23682.57716181507,-21490.671567315923,-22598.157427226026,-21379.010166952055,-19363.47777985873,-21702.77882063356,1438.2940803796282,226
4.742400979995727,0.2890801449831548,0.014955902099609375,0.003226562805327214,0.25,0,9,0,380,0.03,approx,"{'eta': 0.25, 'gamma': 0, 'max_depth': 9, 'min_child_weight': 0, 'n_estimators': 380, 'sketch_eps': 0.03, 'tree_method': 'approx'}",-23682.62386290668,-21490.687459867295,-22598.181533604453,-21379.050915025684,-19363.483973672945,-21702.805549015415,1438.3056204739303,227
4.5975714206695555,0.15423974121335046,0.01766481399536133,0.004564560107984794,0.25,0,9,0,390,0.03,approx,"{'eta': 0.25, 'gamma': 0, 'max_depth': 9, 'min_child_weight': 0, 'n_estimators': 390, 'sketch_eps': 0.03, 'tree_method': 'approx'}",-23682.664637735445,-21490.659407106163,-22598.175219392124,-21379.077870826197,-19363.50765196918,-21702.81695740582,1438.3079714334303,228
4.502032947540283,0.10123833901238952,0.012870502471923829,0.0023204841426390003,0.25,0,9,0,400,0.03,approx,"{'eta': 0.25, 'gamma': 0, 'max_depth': 9, 'min_child_weight': 0, 'n_estimators': 400, 'sketch_eps': 0.03, 'tree_method': 'approx'}",-23682.654858732876,-21490.655059396406,-22598.206469392124,-21379.10732823202,-19363.519103167808,-21702.82856378425,1438.3042472899824,229
2.73012490272522,0.10925581436119594,0.012836360931396484,0.004302006109209996,0.25,0,10,0,200,0.03,approx,"{'eta': 0.25, 'gamma': 0, 'max_depth': 10, 'min_child_weight': 0, 'n_estimators': 200, 'sketch_eps': 0.03, 'tree_method': 'approx'}",-23826.350090967466,-20734.919252996577,-22247.38994274401,-20774.88352151113,-19322.26323041524,-21381.161207726884,1533.2033833726987,96
2.863080072402954,0.0652968144686519,0.010588788986206054,0.0012693700045392309,0.25,0,10,0,210,0.03,approx,"{'eta': 0.25, 'gamma': 0, 'max_depth': 10, 'min_child_weight': 0, 'n_estimators': 210, 'sketch_eps': 0.03, 'tree_method': 'approx'}",-23826.94584760274,-20735.525537778252,-22248.27132384418,-20775.535999036816,-19322.13200984589,-21381.682143621576,1533.4255541559196,98
2.955205726623535,0.08822940598668373,0.010017585754394532,0.0028709655194449294,0.25,0,10,0,220,0.03,approx,"{'eta': 0.25, 'gamma': 0, 'max_depth': 10, 'min_child_weight': 0, 'n_estimators': 220, 'sketch_eps': 0.03, 'tree_method': 'approx'}",-23827.400390625,-20736.053082191782,-22248.819469713184,-20775.830720248287,-19322.36108732877,-21382.092950021404,1533.5031846901652,99
3.1018002033233643,0.09712449919189088,0.009980583190917968,0.0012920798729783238,0.25,0,10,0,230,0.03,approx,"{'eta': 0.25, 'gamma': 0, 'max_depth': 10, 'min_child_weight': 0, 'n_estimators': 230, 'sketch_eps': 0.03, 'tree_method': 'approx'}",-23827.886665239726,-20735.97654912243,-22249.908270012842,-20775.94583422517,-19322.418089148116,-21382.427081549657,1533.7634127078418,100
3.2410356998443604,0.07493372146947497,0.012223196029663087,0.0025088636949244614,0.25,0,10,0,240,0.03,approx,"{'eta': 0.25, 'gamma': 0, 'max_depth': 10, 'min_child_weight': 0, 'n_estimators': 240, 'sketch_eps': 0.03, 'tree_method': 'approx'}",-23828.297891695205,-20736.052613976884,-22250.28455425942,-20776.301610659248,-19322.52762467894,-21382.69285905394,1533.8731414872734,101
3.4162426471710203,0.1163520512761087,0.015447521209716797,0.0028974853644055153,0.25,0,10,0,250,0.03,approx,"{'eta': 0.25, 'gamma': 0, 'max_depth': 10, 'min_child_weight': 0, 'n_estimators': 250, 'sketch_eps': 0.03, 'tree_method': 'approx'}",-23828.644143300513,-20736.178510273974,-22250.646899079624,-20776.414209653252,-19322.425901648116,-21382.8619327911,1534.032352804235,102
3.5629562854766847,0.09672408778598511,0.01323385238647461,0.004007379922249662,0.25,0,10,0,260,0.03,approx,"{'eta': 0.25, 'gamma': 0, 'max_depth': 10, 'min_child_weight': 0, 'n_estimators': 260, 'sketch_eps': 0.03, 'tree_method': 'approx'}",-23829.04943011558,-20736.295416845034,-22250.82278735017,-20776.54464094606,-19322.51989244435,-21383.04643354024,1534.136068806417,103
3.729998540878296,0.08386011851352311,0.013220882415771485,0.0023584629115984907,0.25,0,10,0,270,0.03,approx,"{'eta': 0.25, 'gamma': 0, 'max_depth': 10, 'min_child_weight': 0, 'n_estimators': 270, 'sketch_eps': 0.03, 'tree_method': 'approx'}",-23829.184142230308,-20736.388123394692,-22251.054379815923,-20776.66671125856,-19322.557871361303,-21383.170245612157,1534.177555602415,104
3.808459520339966,0.10935672752724025,0.019974708557128906,0.010669343701629511,0.25,0,10,0,280,0.03,approx,"{'eta': 0.25, 'gamma': 0, 'max_depth': 10, 'min_child_weight': 0, 'n_estimators': 280, 'sketch_eps': 0.03, 'tree_method': 'approx'}",-23829.340097923803,-20736.492080479453,-22251.126765839042,-20776.757692101884,-19322.589348779966,-21383.26119702483,1534.211060624056,105
4.289198207855224,0.2175017817005729,0.012814092636108398,0.0023279609045440968,0.25,0,10,0,290,0.03,approx,"{'eta': 0.25, 'gamma': 0, 'max_depth': 10, 'min_child_weight': 0, 'n_estimators': 290, 'sketch_eps': 0.03, 'tree_method': 'approx'}",-23829.378478167808,-20736.549684289384,-22251.181132277397,-20776.83077375856,-19322.61552868151,-21383.31111943493,1534.2117822571608,106
4.032262182235717,0.14112979242636897,0.016314315795898437,0.012733007019651616,0.25,0,10,0,300,0.03,approx,"{'eta': 0.25, 'gamma': 0, 'max_depth': 10, 'min_child_weight': 0, 'n_estimators': 300, 'sketch_eps': 0.03, 'tree_method': 'approx'}",-23829.42809556935,-20736.564051797945,-22251.24866224315,-20776.889059824487,-19322.63447131849,-21383.352868150687,1534.2243357739965,107
4.939063167572021,0.6603357577476818,0.02128000259399414,0.008219461060515488,0.25,0,10,0,310,0.03,approx,"{'eta': 0.25, 'gamma': 0, 'max_depth': 10, 'min_child_weight': 0, 'n_estimators': 310, 'sketch_eps': 0.03, 'tree_method': 'approx'}",-23829.48363923373,-20736.589629708906,-22251.288045804795,-20776.92542005565,-19322.65595569349,-21383.388538099312,1534.2357000735217,108
5.045865440368653,0.2479658107140622,0.017953157424926758,0.0041849292077907095,0.25,0,10,0,320,0.03,approx,"{'eta': 0.25, 'gamma': 0, 'max_depth': 10, 'min_child_weight': 0, 'n_estimators': 320, 'sketch_eps': 0.03, 'tree_method': 'approx'}",-23829.532092786816,-20736.59516802226,-22251.30460723459,-20776.948095034248,-19322.655862050513,-21383.40716502569,1534.2507896796706,109
4.654916858673095,0.17510666556171267,0.014037609100341797,0.004215430820707231,0.25,0,10,0,330,0.03,approx,"{'eta': 0.25, 'gamma': 0, 'max_depth': 10, 'min_child_weight': 0, 'n_estimators': 330, 'sketch_eps': 0.03, 'tree_method': 'approx'}",-23829.55986461901,-20736.605080800513,-22251.320968000855,-20776.95402129709,-19322.652972495718,-21383.41858144264,1534.260968166564,110
4.789204454421997,0.2239799757011383,0.0153594970703125,0.0019546901391748446,0.25,0,10,0,340,0.03,approx,"{'eta': 0.25, 'gamma': 0, 'max_depth': 10, 'min_child_weight': 0, 'n_estimators': 340, 'sketch_eps': 0.03, 'tree_method': 'approx'}",-23829.572198737158,-20736.60920109161,-22251.335188356163,-20776.954770440923,-19322.64692583476,-21383.423656892122,1534.2677276767693,111
5.09580626487732,0.10931211890840367,0.013667869567871093,0.0011630071622020528,0.25,0,10,0,350,0.03,approx,"{'eta': 0.25, 'gamma': 0, 'max_depth': 10, 'min_child_weight': 0, 'n_estimators': 350, 'sketch_eps': 0.03, 'tree_method': 'approx'}",-23829.584452589897,-20736.619996789384,-22251.352846746577,-20776.960549550513,-19322.645989404966,-21383.432767016267,1534.2725172991761,112
5.052209281921387,0.13021859553779389,0.016722583770751955,0.0032777652464119943,0.25,0,10,0,360,0.03,approx,"{'eta': 0.25, 'gamma': 0, 'max_depth': 10, 'min_child_weight': 0, 'n_estimators': 360, 'sketch_eps': 0.03, 'tree_method': 'approx'}",-23829.586432470034,-20736.619889768837,-22251.360043878423,-20776.962502675513,-19322.646711793663,-21383.43511611729,1534.2736234459128,113
5.129802274703979,0.1165907713815046,0.014792203903198242,0.002495533761489537,0.25,0,10,0,370,0.03,approx,"{'eta': 0.25, 'gamma': 0, 'max_depth': 10, 'min_child_weight': 0, 'n_estimators': 370, 'sketch_eps': 0.03, 'tree_method': 'approx'}",-23829.59658604452,-20736.62109375,-22251.364124036816,-20776.96747913099,-19322.64382223887,-21383.438621040237,1534.277604011157,114
5.2640464305877686,0.06876590472679904,0.01595768928527832,0.001092275169222294,0.25,0,10,0,380,0.03,approx,"{'eta': 0.25, 'gamma': 0, 'max_depth': 10, 'min_child_weight': 0, 'n_estimators': 380, 'sketch_eps': 0.03, 'tree_method': 'approx'}",-23829.605268086474,-20736.621508454624,-22251.366438356163,-20776.970208154966,-19322.641748715752,-21383.441034353593,1534.2809405781359,115
5.366708707809448,0.10878911759149931,0.015559816360473632,0.0016175134656109924,0.25,0,10,0,390,0.03,approx,"{'eta': 0.25, 'gamma': 0, 'max_depth': 10, 'min_child_weight': 0, 'n_estimators': 390, 'sketch_eps': 0.03, 'tree_method': 'approx'}",-23829.611515410958,-20736.622123822774,-22251.367374785958,-20776.969860338184,-19322.642323951197,-21383.442639661815,1534.2828596792663,116
5.470419311523438,0.12773757540116104,0.015760231018066406,0.0014686486116922163,0.25,0,10,0,400,0.03,approx,"{'eta': 0.25, 'gamma': 0, 'max_depth': 10, 'min_child_weight': 0, 'n_estimators': 400, 'sketch_eps': 0.03, 'tree_method': 'approx'}",-23829.614672517124,-20736.622391374145,-22251.367776113013,-20776.97068974743,-19322.641909246577,-21383.44348779966,1534.2839350597114,117
3.5261975288391114,0.2544902748381338,0.013165283203125,0.0027052761153534754,0.25,0,11,0,200,0.03,approx,"{'eta': 0.25, 'gamma': 0, 'max_depth': 11, 'min_child_weight': 0, 'n_estimators': 200, 'sketch_eps': 0.03, 'tree_method': 'approx'}",-23869.937807684077,-20747.84163634418,-22322.47169306507,-20875.358338238442,-19536.210108090752,-21470.363916684502,1490.037822352365,127
4.111962795257568,0.21025061865979386,0.020943641662597656,0.010610462070115416,0.25,0,11,0,210,0.03,approx,"{'eta': 0.25, 'gamma': 0, 'max_depth': 11, 'min_child_weight': 0, 'n_estimators': 210, 'sketch_eps': 0.03, 'tree_method': 'approx'}",-23870.164825021406,-20747.962061215752,-22322.671032213184,-20875.566071810787,-19536.22139875856,-21470.51707780394,1490.1025399779587,128
4.971765470504761,0.16895248335919877,0.013962697982788087,0.0032774349656249833,0.25,0,11,0,220,0.03,approx,"{'eta': 0.25, 'gamma': 0, 'max_depth': 11, 'min_child_weight': 0, 'n_estimators': 220, 'sketch_eps': 0.03, 'tree_method': 'approx'}",-23870.267270440923,-20747.995264340752,-22322.88350813356,-20875.707874036816,-19536.284233197774,-21470.627630029965,1490.128981965964,129
4.54894118309021,0.3371494599116738,0.012368869781494141,0.0016189577442424306,0.25,0,11,0,230,0.03,approx,"{'eta': 0.25, 'gamma': 0, 'max_depth': 11, 'min_child_weight': 0, 'n_estimators': 230, 'sketch_eps': 0.03, 'tree_method': 'approx'}",-23870.342813570205,-20747.980575770547,-22322.886651862158,-20875.74800005351,-19536.315215646406,-21470.654651380566,1490.143849055269,130
4.337733936309815,0.25490114746494175,0.016857147216796875,0.007494702710798214,0.25,0,11,0,240,0.03,approx,"{'eta': 0.25, 'gamma': 0, 'max_depth': 11, 'min_child_weight': 0, 'n_estimators': 240, 'sketch_eps': 0.03, 'tree_method': 'approx'}",-23870.442503210616,-20747.989752782534,-22322.984762949487,-20875.781357020547,-19536.31534942209,-21470.702745077055,1490.183590596998,131
4.492533922195435,0.21958640661645176,0.015556764602661134,0.0013536586615690326,0.25,0,11,0,250,0.03,approx,"{'eta': 0.25, 'gamma': 0, 'max_depth': 11, 'min_child_weight': 0, 'n_estimators': 250, 'sketch_eps': 0.03, 'tree_method': 'approx'}",-23870.504414597603,-20748.01261504709,-22323.01100973887,-20875.805389822344,-19536.317034995718,-21470.730092840324,1490.201958796431,132
4.689963006973267,0.14435472818530895,0.01466374397277832,0.00345263524110599,0.25,0,11,0,260,0.03,approx,"{'eta': 0.25, 'gamma': 0, 'max_depth': 11, 'min_child_weight': 0, 'n_estimators': 260, 'sketch_eps': 0.03, 'tree_method': 'approx'}",-23870.53994541952,-20748.021230201197,-22323.01925032106,-20875.81454676798,-19536.313048480308,-21470.741604238014,1490.2138131448849,133
4.7407470703125,0.16269429367611613,0.0159578800201416,0.0017849397096198528,0.25,0,11,0,270,0.03,approx,"{'eta': 0.25, 'gamma': 0, 'max_depth': 11, 'min_child_weight': 0, 'n_estimators': 270, 'sketch_eps': 0.03, 'tree_method': 'approx'}",-23870.554754387842,-20748.019959332192,-22323.033764982876,-20875.829074807363,-19536.310948202055,-21470.749700342465,1490.2197515314385,134
4.881625556945801,0.1341484667110383,0.014760398864746093,0.0011636690533757966,0.25,0,11,0,280,0.03,approx,"{'eta': 0.25, 'gamma': 0, 'max_depth': 11, 'min_child_weight': 0, 'n_estimators': 280, 'sketch_eps': 0.03, 'tree_method': 'approx'}",-23870.561389661816,-20748.02077536387,-22323.056011879282,-20875.841944028252,-19536.312433112158,-21470.75851080907,1490.2229410973482,135
5.054482269287109,0.12896254017899636,0.015957403182983398,0.002442751958753756,0.25,0,11,0,290,0.03,approx,"{'eta': 0.25, 'gamma': 0, 'max_depth': 11, 'min_child_weight': 0, 'n_estimators': 290, 'sketch_eps': 0.03, 'tree_method': 'approx'}",-23870.562981592466,-20748.022113120718,-22323.06571061644,-20875.845662992295,-19536.31375749144,-21470.76204516267,1490.223792686998,136
5.166213893890381,0.17637923307185044,0.01356348991394043,0.0004861764787653217,0.25,0,11,0,300,0.03,approx,"{'eta': 0.25, 'gamma': 0, 'max_depth': 11, 'min_child_weight': 0, 'n_estimators': 300, 'sketch_eps': 0.03, 'tree_method': 'approx'}",-23870.563409674658,-20748.025163206337,-22323.062459867295,-20875.84651915668,-19536.31339629709,-21470.76218964041,1490.2232882853484,137
5.493264198303223,0.3586404884294282,0.027723121643066406,0.007732936625716832,0.25,0,11,0,310,0.03,approx,"{'eta': 0.25, 'gamma': 0, 'max_depth': 11, 'min_child_weight': 0, 'n_estimators': 310, 'sketch_eps': 0.03, 'tree_method': 'approx'}",-23870.563369541953,-20748.02815978168,-22323.069402825342,-20875.846499090327,-19536.313409674658,-21470.764168182795,1490.2237770062482,138
5.908981704711914,0.231618121087391,0.017753076553344727,0.002778913304728233,0.25,0,11,0,320,0.03,approx,"{'eta': 0.25, 'gamma': 0, 'max_depth': 11, 'min_child_weight': 0, 'n_estimators': 320, 'sketch_eps': 0.03, 'tree_method': 'approx'}",-23870.565496575342,-20748.030153039384,-22323.073095034248,-20875.844893782105,-19536.313222388697,-21470.765372163958,1490.2248678585725,139
5.5952903747558596,0.10258124274706526,0.017656278610229493,0.0036763487938628048,0.25,0,11,0,330,0.03,approx,"{'eta': 0.25, 'gamma': 0, 'max_depth': 11, 'min_child_weight': 0, 'n_estimators': 330, 'sketch_eps': 0.03, 'tree_method': 'approx'}",-23870.56639287243,-20748.031383775684,-22323.07395119863,-20875.84433192423,-19536.313891267124,-21470.76599020762,1490.2250062942255,140
5.6890161514282225,0.13458545640821035,0.02104649543762207,0.008255797474435273,0.25,0,11,0,340,0.03,approx,"{'eta': 0.25, 'gamma': 0, 'max_depth': 11, 'min_child_weight': 0, 'n_estimators': 340, 'sketch_eps': 0.03, 'tree_method': 'approx'}",-23870.568827589897,-20748.034594392124,-22323.074325770547,-20875.84397072988,-19536.314934717466,-21470.767330639985,1490.2252798159714,141
5.829411840438842,0.19757828668926777,0.015159273147583007,0.0011632110188689968,0.25,0,11,0,350,0.03,approx,"{'eta': 0.25, 'gamma': 0, 'max_depth': 11, 'min_child_weight': 0, 'n_estimators': 350, 'sketch_eps': 0.03, 'tree_method': 'approx'}",-23870.569536601026,-20748.036681292808,-22323.07393782106,-20875.84343562714,-19536.314774186645,-21470.767673105736,1490.2253457723311,142
5.911755228042603,0.21349761290667407,0.0167543888092041,0.0022201100673659786,0.25,0,11,0,360,0.03,approx,"{'eta': 0.25, 'gamma': 0, 'max_depth': 11, 'min_child_weight': 0, 'n_estimators': 360, 'sketch_eps': 0.03, 'tree_method': 'approx'}",-23870.56977739726,-20748.038554152397,-22323.075168557363,-20875.8429005244,-19536.31421232877,-21470.76812259204,1490.2255710388313,143
6.106242752075195,0.22522324770665336,0.018152189254760743,0.0037529475470371963,0.25,0,11,0,370,0.03,approx,"{'eta': 0.25, 'gamma': 0, 'max_depth': 11, 'min_child_weight': 0, 'n_estimators': 370, 'sketch_eps': 0.03, 'tree_method': 'approx'}",-23870.5703125,-20748.040427011987,-22323.07546286387,-20875.84236542166,-19536.31357020548,-21470.7684276006,1490.2258048175192,144
6.188635063171387,0.21128345824775224,0.01923208236694336,0.0058491447251084825,0.25,0,11,0,380,0.03,approx,"{'eta': 0.25, 'gamma': 0, 'max_depth': 11, 'min_child_weight': 0, 'n_estimators': 380, 'sketch_eps': 0.03, 'tree_method': 'approx'}",-23870.57084760274,-20748.042299871577,-22323.077576519692,-20875.84183031892,-19536.31303510274,-21470.769117883134,1490.2262189208943,145
6.526212215423584,0.4327902979114973,0.021381282806396486,0.007767464821311244,0.25,0,11,0,390,0.03,approx,"{'eta': 0.25, 'gamma': 0, 'max_depth': 11, 'min_child_weight': 0, 'n_estimators': 390, 'sketch_eps': 0.03, 'tree_method': 'approx'}",-23870.57138270548,-20748.044172731163,-22323.078004601884,-20875.84129521618,-19536.3125,-21470.76947105094,1490.2264402181033,146
7.1666041851043705,0.45435958514685915,0.020796680450439455,0.002330963384897388,0.25,0,11,0,400,0.03,approx,"{'eta': 0.25, 'gamma': 0, 'max_depth': 11, 'min_child_weight': 0, 'n_estimators': 400, 'sketch_eps': 0.03, 'tree_method': 'approx'}",-23870.571917808218,-20748.046045590752,-22323.078539704624,-20875.840760113442,-19536.31196489726,-21470.76984562286,1490.2266737575058,147
4.2663758277893065,0.2271116366348119,0.011666107177734374,0.002094893432924226,0.25,0,12,0,200,0.03,approx,"{'eta': 0.25, 'gamma': 0, 'max_depth': 12, 'min_child_weight': 0, 'n_estimators': 200, 'sketch_eps': 0.03, 'tree_method': 'approx'}",-24403.874852846748,-20781.304353060787,-22397.172262949487,-21179.72745879709,-19435.847107769692,-21639.58520708476,1674.5036384730752,181
4.356208038330078,0.16614132497458156,0.01496124267578125,0.0008702380950529414,0.25,0,12,0,210,0.03,approx,"{'eta': 0.25, 'gamma': 0, 'max_depth': 12, 'min_child_weight': 0, 'n_estimators': 210, 'sketch_eps': 0.03, 'tree_method': 'approx'}",-24403.900189961474,-20781.306306185787,-22397.182403146406,-21179.74563891267,-19435.849422089042,-21639.596792059077,1674.5111134669626,182
4.520284605026245,0.10762955010108992,0.011500120162963867,0.0012288437543561334,0.25,0,12,0,220,0.03,approx,"{'eta': 0.25, 'gamma': 0, 'max_depth': 12, 'min_child_weight': 0, 'n_estimators': 220, 'sketch_eps': 0.03, 'tree_method': 'approx'}",-24403.907574379282,-20781.311389661816,-22397.197600064213,-21179.761384310787,-19435.850264875855,-21639.60564265839,1674.5133188726502,183
4.7331897735595705,0.07821278159625189,0.013057518005371093,0.00233147832041415,0.25,0,12,0,230,0.03,approx,"{'eta': 0.25, 'gamma': 0, 'max_depth': 12, 'min_child_weight': 0, 'n_estimators': 230, 'sketch_eps': 0.03, 'tree_method': 'approx'}",-24403.915293236303,-20781.324539811645,-22397.196864297945,-21179.767604880137,-19435.854077482876,-21639.611675941782,1674.5131075453905,184
4.861312627792358,0.117061804829427,0.015048027038574219,0.0018479266291766571,0.25,0,12,0,240,0.03,approx,"{'eta': 0.25, 'gamma': 0, 'max_depth': 12, 'min_child_weight': 0, 'n_estimators': 240, 'sketch_eps': 0.03, 'tree_method': 'approx'}",-24403.91878478168,-20781.332967679795,-22397.20018193493,-21179.770976027397,-19435.85584332192,-21639.615750749144,1674.5130466181736,185
4.984651184082031,0.12564407995758267,0.013333702087402343,0.0029612520782150635,0.25,0,12,0,250,0.03,approx,"{'eta': 0.25, 'gamma': 0, 'max_depth': 12, 'min_child_weight': 0, 'n_estimators': 250, 'sketch_eps': 0.03, 'tree_method': 'approx'}",-24403.919493792808,-20781.3330078125,-22397.205947666953,-21179.771350599316,-19435.856512200342,-21639.617262414384,1674.5136016718973,186
5.141947984695435,0.08443277126931309,0.019687461853027343,0.008454680645551403,0.25,0,12,0,260,0.03,approx,"{'eta': 0.25, 'gamma': 0, 'max_depth': 12, 'min_child_weight': 0, 'n_estimators': 260, 'sketch_eps': 0.03, 'tree_method': 'approx'}",-24403.917620933218,-20781.336338827055,-22397.2109375,-21179.771885702055,-19435.858545590752,-21639.619065710616,1674.5125287602114,187
5.287852478027344,0.09259796430452791,0.01684422492980957,0.002343508566440488,0.25,0,12,0,270,0.03,approx,"{'eta': 0.25, 'gamma': 0, 'max_depth': 12, 'min_child_weight': 0, 'n_estimators': 270, 'sketch_eps': 0.03, 'tree_method': 'approx'}",-24403.917741331337,-20781.338077910958,-22397.209318814213,-21179.772420804795,-19435.858732876713,-21639.6192583476,1674.5121650831654,188
5.449021720886231,0.149526806283742,0.015842533111572264,0.002351667184967174,0.25,0,12,0,280,0.03,approx,"{'eta': 0.25, 'gamma': 0, 'max_depth': 12, 'min_child_weight': 0, 'n_estimators': 280, 'sketch_eps': 0.03, 'tree_method': 'approx'}",-24403.916952054795,-20781.339455800513,-22397.20844927226,-21179.772955907534,-19435.85946864298,-21639.61945633562,1674.5114615127377,189
5.78251314163208,0.27240771283772347,0.01837954521179199,0.006476819006095987,0.25,0,12,0,290,0.03,approx,"{'eta': 0.25, 'gamma': 0, 'max_depth': 12, 'min_child_weight': 0, 'n_estimators': 290, 'sketch_eps': 0.03, 'tree_method': 'approx'}",-24403.916202910958,-20781.33985712757,-22397.20988067209,-21179.773491010274,-19435.860003745718,-21639.619887093322,1674.5111323185915,190
6.185147619247436,0.2825544969817341,0.01979241371154785,0.005344212196019536,0.25,0,12,0,300,0.03,approx,"{'eta': 0.25, 'gamma': 0, 'max_depth': 12, 'min_child_weight': 0, 'n_estimators': 300, 'sketch_eps': 0.03, 'tree_method': 'approx'}",-24403.915667808218,-20781.340392230308,-22397.20958636558,-21179.774026113013,-19435.860538848458,-21639.620042273113,1674.5107039288314,191
5.75169005393982,0.11303389364626222,0.01383976936340332,0.0018967421574326959,0.25,0,12,0,310,0.03,approx,"{'eta': 0.25, 'gamma': 0, 'max_depth': 12, 'min_child_weight': 0, 'n_estimators': 310, 'sketch_eps': 0.03, 'tree_method': 'approx'}",-24403.91513270548,-20781.340927333047,-22397.209318814213,-21179.774561215752,-19435.861073951197,-21639.620202803933,1674.5102779600293,192
5.915203285217285,0.14320356216911448,0.020086956024169923,0.00046295597371290217,0.25,0,12,0,320,0.03,approx,"{'eta': 0.25, 'gamma': 0, 'max_depth': 12, 'min_child_weight': 0, 'n_estimators': 320, 'sketch_eps': 0.03, 'tree_method': 'approx'}",-24403.91459760274,-20781.341462435787,-22397.209051262842,-21179.77509631849,-19435.86160905394,-21639.62036333476,1674.5098519912476,193
6.17552433013916,0.22301605389804668,0.01906924247741699,0.0018536517997451755,0.25,0,12,0,330,0.03,approx,"{'eta': 0.25, 'gamma': 0, 'max_depth': 12, 'min_child_weight': 0, 'n_estimators': 330, 'sketch_eps': 0.03, 'tree_method': 'approx'}",-24403.9140625,-20781.341997538526,-22397.208783711474,-21179.77563142123,-19435.86214415668,-21639.620523865582,1674.5094260224892,194
6.448229503631592,0.2966111821048646,0.015616416931152344,0.0031683725914422576,0.25,0,12,0,340,0.03,approx,"{'eta': 0.25, 'gamma': 0, 'max_depth': 12, 'min_child_weight': 0, 'n_estimators': 340, 'sketch_eps': 0.03, 'tree_method': 'approx'}",-24403.91352739726,-20781.34253264127,-22397.208516160103,-21179.776166523974,-19435.86267925942,-21639.620684396406,1674.509000053751,195
6.399853849411011,0.2617561903759421,0.016980838775634766,0.0035421634828641025,0.25,0,12,0,350,0.03,approx,"{'eta': 0.25, 'gamma': 0, 'max_depth': 12, 'min_child_weight': 0, 'n_estimators': 350, 'sketch_eps': 0.03, 'tree_method': 'approx'}",-24403.91299229452,-20781.34306774401,-22397.20824860873,-21179.776701626713,-19435.863214362158,-21639.620844927227,1674.508574085035,196
6.900376033782959,0.1969504487690635,0.020066356658935545,0.0013116003269771045,0.25,0,12,0,360,0.03,approx,"{'eta': 0.25, 'gamma': 0, 'max_depth': 12, 'min_child_weight': 0, 'n_estimators': 360, 'sketch_eps': 0.03, 'tree_method': 'approx'}",-24403.912457191782,-20781.343602846748,-22397.207981057363,-21179.777236729453,-19435.863749464897,-21639.62100545805,1674.508148116341,197
7.019531154632569,0.22723327783502467,0.022324085235595703,0.008987459876783937,0.25,0,12,0,370,0.03,approx,"{'eta': 0.25, 'gamma': 0, 'max_depth': 12, 'min_child_weight': 0, 'n_estimators': 370, 'sketch_eps': 0.03, 'tree_method': 'approx'}",-24403.911922089042,-20781.344137949487,-22397.20771350599,-21179.777771832192,-19435.864284567637,-21639.621165988872,1674.5077221476683,198
7.430562734603882,0.2605570477585995,0.02884197235107422,0.014448036787350118,0.25,0,12,0,380,0.03,approx,"{'eta': 0.25, 'gamma': 0, 'max_depth': 12, 'min_child_weight': 0, 'n_estimators': 380, 'sketch_eps': 0.03, 'tree_method': 'approx'}",-24403.911386986303,-20781.344673052226,-22397.207445954624,-21179.77830693493,-19435.864819670376,-21639.621326519693,1674.5072961790174,199
7.831984567642212,0.3585399774108017,0.03288898468017578,0.023630303520420604,0.25,0,12,0,390,0.03,approx,"{'eta': 0.25, 'gamma': 0, 'max_depth': 12, 'min_child_weight': 0, 'n_estimators': 390, 'sketch_eps': 0.03, 'tree_method': 'approx'}",-24403.91085188356,-20781.345208154966,-22397.207178403252,-21179.77884203767,-19435.865354773116,-21639.621487050514,1674.5068702103868,200
7.201837825775146,0.3502814021276139,0.021829700469970702,0.00335407280671111,0.25,0,12,0,400,0.03,approx,"{'eta': 0.25, 'gamma': 0, 'max_depth': 12, 'min_child_weight': 0, 'n_estimators': 400, 'sketch_eps': 0.03, 'tree_method': 'approx'}",-24403.91031678082,-20781.345743257705,-22397.206910851884,-21179.77937714041,-19435.865889875855,-21639.621647581334,1674.5064442417793,201
4.716994428634644,0.16923476769035742,0.018303537368774415,0.004297712773157931,0.25,0,13,0,200,0.03,approx,"{'eta': 0.25, 'gamma': 0, 'max_depth': 13, 'min_child_weight': 0, 'n_estimators': 200, 'sketch_eps': 0.03, 'tree_method': 'approx'}",-24639.94644959332,-21245.68712542808,-22408.884564961474,-21279.882705479453,-19387.633374357876,-21792.406843964043,1722.384711346488,232
4.9410864353179935,0.1832953919431313,0.01880226135253906,0.00731637464290061,0.25,0,13,0,210,0.03,approx,"{'eta': 0.25, 'gamma': 0, 'max_depth': 13, 'min_child_weight': 0, 'n_estimators': 210, 'sketch_eps': 0.03, 'tree_method': 'approx'}",-24639.945874357876,-21245.690576840752,-22408.893220248287,-21279.885621789384,-19387.634538206337,-21792.409966288524,1722.3844230698005,233
5.163032293319702,0.11285992550831467,0.013433361053466797,0.0008411534599286361,0.25,0,13,0,220,0.03,approx,"{'eta': 0.25, 'gamma': 0, 'max_depth': 13, 'min_child_weight': 0, 'n_estimators': 220, 'sketch_eps': 0.03, 'tree_method': 'approx'}",-24639.944121896406,-21245.68921232877,-22408.905153039384,-21279.88919360017,-19387.635782320205,-21792.41269263699,1722.3842244825157,234
5.3116460800170895,0.13897632186081676,0.013326263427734375,0.0028167988292502433,0.25,0,13,0,230,0.03,approx,"{'eta': 0.25, 'gamma': 0, 'max_depth': 13, 'min_child_weight': 0, 'n_estimators': 230, 'sketch_eps': 0.03, 'tree_method': 'approx'}",-24639.943747324487,-21245.687994970034,-22408.904778467466,-21279.893407534248,-19387.636049871577,-21792.413195633566,1722.3838256051629,235
5.6649823665618895,0.23696501939306555,0.016532182693481445,0.0024866625442842554,0.25,0,13,0,240,0.03,approx,"{'eta': 0.25, 'gamma': 0, 'max_depth': 13, 'min_child_weight': 0, 'n_estimators': 240, 'sketch_eps': 0.03, 'tree_method': 'approx'}",-24639.943051690923,-21245.68794145976,-22408.906276755137,-21279.89624357877,-19387.636317422945,-21792.413966181506,1722.3834627560266,236
5.940751791000366,0.15574392837475873,0.015845775604248047,0.005505336195681561,0.25,0,13,0,250,0.03,approx,"{'eta': 0.25, 'gamma': 0, 'max_depth': 13, 'min_child_weight': 0, 'n_estimators': 250, 'sketch_eps': 0.03, 'tree_method': 'approx'}",-24639.942784139555,-21245.6884765625,-22408.905915560787,-21279.899521083047,-19387.636584974316,-21792.41465646404,1722.3830446998763,237
5.644496870040894,0.30595346108210425,0.018538570404052733,0.006094112552600591,0.25,0,13,0,260,0.03,approx,"{'eta': 0.25, 'gamma': 0, 'max_depth': 13, 'min_child_weight': 0, 'n_estimators': 260, 'sketch_eps': 0.03, 'tree_method': 'approx'}",-24639.942516588184,-21245.68901166524,-22408.905300192637,-21279.904617936645,-19387.636852525684,-21792.415659781676,1722.382500176407,238
5.504429340362549,0.201703559474889,0.015021800994873047,0.0027230344728528095,0.25,0,13,0,270,0.03,approx,"{'eta': 0.25, 'gamma': 0, 'max_depth': 13, 'min_child_weight': 0, 'n_estimators': 270, 'sketch_eps': 0.03, 'tree_method': 'approx'}",-24639.942249036816,-21245.68954676798,-22408.904229987158,-21279.908229880137,-19387.637120077055,-21792.41627514983,1722.3820114647244,239
5.643516778945923,0.1654904741078382,0.02023477554321289,0.010319503899209152,0.25,0,13,0,280,0.03,approx,"{'eta': 0.25, 'gamma': 0, 'max_depth': 13, 'min_child_weight': 0, 'n_estimators': 280, 'sketch_eps': 0.03, 'tree_method': 'approx'}",-24639.941981485445,-21245.690081870718,-22408.90315978168,-21279.91077161815,-19387.637387628423,-21792.41667647688,1722.381586443657,240
5.709925889968872,0.205367179292802,0.01685032844543457,0.0018692637975738292,0.25,0,13,0,290,0.03,approx,"{'eta': 0.25, 'gamma': 0, 'max_depth': 13, 'min_child_weight': 0, 'n_estimators': 290, 'sketch_eps': 0.03, 'tree_method': 'approx'}",-24639.941713934077,-21245.690616973458,-22408.902089576197,-21279.91291202911,-19387.637655179795,-21792.41699753853,1722.381185306735,241
5.939726495742798,0.2623154244900731,0.01705327033996582,0.002324974137367678,0.25,0,13,0,300,0.03,approx,"{'eta': 0.25, 'gamma': 0, 'max_depth': 13, 'min_child_weight': 0, 'n_estimators': 300, 'sketch_eps': 0.03, 'tree_method': 'approx'}",-24639.941446382705,-21245.691152076197,-22408.901019370718,-21279.91505244007,-19387.637922731163,-21792.41731860017,1722.3807841703754,242
6.002077722549439,0.2598302487876039,0.01775975227355957,0.0026287488371269777,0.25,0,13,0,310,0.03,approx,"{'eta': 0.25, 'gamma': 0, 'max_depth': 13, 'min_child_weight': 0, 'n_estimators': 310, 'sketch_eps': 0.03, 'tree_method': 'approx'}",-24639.941178831337,-21245.69168717894,-22408.89994916524,-21279.917192851026,-19387.638190282534,-21792.417639661813,1722.380383034577,243
6.181891918182373,0.2748492143035283,0.0175537109375,0.002156279729133473,0.25,0,13,0,320,0.03,approx,"{'eta': 0.25, 'gamma': 0, 'max_depth': 13, 'min_child_weight': 0, 'n_estimators': 320, 'sketch_eps': 0.03, 'tree_method': 'approx'}",-24639.940911279966,-21245.69222228168,-22408.89887895976,-21279.919333261987,-19387.638457833906,-21792.417960723462,1722.379981899339,244
6.304269409179687,0.32278999797827546,0.016040897369384764,0.003273165029893184,0.25,0,13,0,330,0.03,approx,"{'eta': 0.25, 'gamma': 0, 'max_depth': 13, 'min_child_weight': 0, 'n_estimators': 330, 'sketch_eps': 0.03, 'tree_method': 'approx'}",-24639.940643728594,-21245.69275738442,-22408.897808754282,-21279.921473672945,-19387.638725385274,-21792.418281785103,1722.3795807646638,245
6.980944490432739,0.506869927483281,0.018854188919067382,0.00350474366816072,0.25,0,13,0,340,0.03,approx,"{'eta': 0.25, 'gamma': 0, 'max_depth': 13, 'min_child_weight': 0, 'n_estimators': 340, 'sketch_eps': 0.03, 'tree_method': 'approx'}",-24639.940376177226,-21245.693292487158,-22408.896738548803,-21279.923614083906,-19387.638992936645,-21792.418602846745,1722.3791796305504,246
6.728193664550782,0.4514074654650676,0.016442155838012694,0.0019125030406149056,0.25,0,13,0,350,0.03,approx,"{'eta': 0.25, 'gamma': 0, 'max_depth': 13, 'min_child_weight': 0, 'n_estimators': 350, 'sketch_eps': 0.03, 'tree_method': 'approx'}",-24639.940108625855,-21245.693827589897,-22408.89566834332,-21279.925754494863,-19387.639260488013,-21792.418923908386,1722.378778496998,247
6.754983234405517,0.4005456905808167,0.02805609703063965,0.013226190447209421,0.25,0,13,0,360,0.03,approx,"{'eta': 0.25, 'gamma': 0, 'max_depth': 13, 'min_child_weight': 0, 'n_estimators': 360, 'sketch_eps': 0.03, 'tree_method': 'approx'}",-24639.939841074487,-21245.694362692637,-22408.894598137842,-21279.92789490582,-19387.639528039384,-21792.41924497003,1722.3783773640075,248
6.864128065109253,0.3808337680811224,0.019055795669555665,0.0019871695757809737,0.25,0,13,0,370,0.03,approx,"{'eta': 0.25, 'gamma': 0, 'max_depth': 13, 'min_child_weight': 0, 'n_estimators': 370, 'sketch_eps': 0.03, 'tree_method': 'approx'}",-24639.939573523116,-21245.694897795376,-22408.893527932363,-21279.930035316782,-19387.639795590752,-21792.41956603168,1722.3779762315787,249
7.030962228775024,0.4644311095251905,0.02089214324951172,0.0010689755257751357,0.25,0,13,0,380,0.03,approx,"{'eta': 0.25, 'gamma': 0, 'max_depth': 13, 'min_child_weight': 0, 'n_estimators': 380, 'sketch_eps': 0.03, 'tree_method': 'approx'}",-24639.939305971748,-21245.695432898116,-22408.892457726884,-21279.93217572774,-19387.640063142124,-21792.419887093325,1722.3775750997117,250
7.125493144989013,0.4628547649761395,0.023683977127075196,0.0043428198789823525,0.25,0,13,0,390,0.03,approx,"{'eta': 0.25, 'gamma': 0, 'max_depth': 13, 'min_child_weight': 0, 'n_estimators': 390, 'sketch_eps': 0.03, 'tree_method': 'approx'}",-24639.939038420376,-21245.695968000855,-22408.891387521406,-21279.934316138697,-19387.64033069349,-21792.420208154967,1722.377173968406,251
6.671449613571167,0.47131022984468784,0.01577901840209961,0.0036204385251224326,0.25,0,13,0,400,0.03,approx,"{'eta': 0.25, 'gamma': 0, 'max_depth': 13, 'min_child_weight': 0, 'n_estimators': 400, 'sketch_eps': 0.03, 'tree_method': 'approx'}",-24639.93877086901,-21245.696503103594,-22408.890317315923,-21279.936456549658,-19387.640598244863,-21792.420529216608,1722.3767728376617,252
